snapshot,export_mwh,elec_residual_mwh,elec_eps_mwh,heat_load_mwh,tes_e_mwh,batt_e_mwh,elec_ok,heat_chain_blocked,batt_full_or_cap,pv2b_at_cap,export_justified
2025-05-05 08:00:00,0.00579541503990659,4.8655524054197485e-14,0.00012896839737924868,0.16830367805111054,0.15,0.048,True,False,False,False,False
2025-05-05 09:00:00,0.0033572301820388763,4.0967229608668276e-14,0.00013077868218694096,0.16009374253642225,0.23116400771662862,0.048,True,False,False,False,False
2025-05-05 12:00:00,0.03773761752045735,2.110811525568579e-14,0.0001315448038998211,0.14383807021733938,0.85,0.08285004971289676,True,False,False,False,False
2025-05-07 08:00:00,0.004878410544235395,-2.3075291677443488e-14,0.00012716597442307694,0.17914079293049917,0.15,0.048,True,False,False,False,False
2025-05-07 12:00:00,0.0222085254041052,-1.055058818089094e-14,0.00013032719555008945,0.15434678767614043,0.85,0.09437230087366155,True,False,False,False,False
2025-05-13 08:00:00,0.005493273573654675,3.2199937161081493e-14,0.0001272093953980322,0.18094697874373059,0.15,0.048,True,False,False,False,False
2025-05-13 12:00:00,0.01128143998626037,-4.4901582452183675e-14,0.0001271359544588551,0.15533197993790304,0.85,0.0820698387114946,True,False,False,False,False
2025-05-14 08:00:00,0.003943550140556717,1.6459056340067946e-14,0.00012704615948121647,0.18242476713637448,0.15,0.048,True,False,False,False,False
2025-05-14 12:00:00,0.012818409898415407,-4.6330994596388564e-14,0.00012923539483005367,0.15763076188201577,0.85,0.10014082597423296,True,False,False,False,False
2025-05-20 08:00:00,0.0067238821413997465,2.9341112872671715e-14,0.00012560852614042935,0.19326188201576303,0.15,0.048,True,False,False,False,False
2025-05-20 09:00:00,0.01718778764803994,-1.6459056340067946e-14,0.00012740408801878355,0.18505194650107476,0.28248173699840645,0.048,True,False,False,False,False
2025-05-20 12:00:00,0.07274110444949271,-3.900005318691058e-14,0.000126589771990161,0.16994566515404824,0.85,0.048,True,False,False,False,False
2025-05-20 13:00:00,0.017113904034488654,2.0573820425084932e-14,0.0001258610518515206,0.167318485789348,0.85,0.10068740843309554,True,False,False,False,False
2025-05-21 07:00:00,0.005772605763095635,4.1321113197767545e-14,0.00012179916021914133,0.20327800334368282,0.15,0.048,True,False,False,False,False
2025-05-21 08:00:00,0.023225417862901318,4.9731052609303106e-14,0.00012613699147584974,0.19096310007165038,0.15,0.048,True,False,False,False,False
2025-05-21 12:00:00,0.01178820545408951,-3.095093625837819e-14,0.00012954718771466904,0.1676468832099355,0.85,0.09876170233964911,True,False,False,False,False
2025-05-25 08:00:00,0.013302459755180485,-3.953781746446339e-14,0.00012158408744186047,0.18587294005254362,0.15,0.048,True,False,False,False,False
2025-05-25 12:00:00,0.004250111820627386,-3.130481984747746e-14,0.0001231331996824687,0.16140733221877238,0.85,0.07912100367372042,True,False,False,False,False
2025-05-26 08:00:00,0.010518391771691988,3.720981855970251e-14,0.0001220855128488372,0.18866431812753762,0.15,0.048,True,False,False,False,False
2025-05-26 09:00:00,0.010501963609701372,-3.416711358283919e-14,0.00012236978792486584,0.18029018390255555,0.2554499450892729,0.048,True,False,False,False,False
2025-05-26 12:00:00,0.02806736319203704,1.556046957951196e-14,0.00012424501440071558,0.16452710771435397,0.85,0.08456854097429901,True,False,False,False,False
2025-05-27 08:00:00,0.009373720564747778,1.8245821520324057e-14,0.00012624587214221826,0.18554454263195602,0.15,0.048,True,False,False,False,False
2025-05-27 09:00:00,0.022789224447281282,4.8329396040713846e-15,0.00012743015093470483,0.1770062096966802,0.1582576790757481,0.048,True,False,False,False,False
2025-05-27 12:00:00,0.07838434334427458,-3.578040641549762e-14,0.00012653777927996423,0.16075053737759734,0.85,0.048,True,False,False,False,False
2025-05-27 13:00:00,0.018262762761973243,-1.8072349172726376e-14,0.00012564115437388194,0.15664556962025317,0.85,0.10769748886798036,True,False,False,False,False
2025-05-28 08:00:00,0.039923092659651584,-3.399017178828956e-14,0.00012630401944096602,0.1811111774540244,0.15,0.048,True,False,False,False,False
2025-05-28 09:00:00,0.05844059406572352,1.0730999422392529e-14,0.00012859576096601073,0.1727370432290423,0.15,0.048,True,False,False,False,False
2025-05-28 11:00:00,0.014290598730519914,-1.5383527784962325e-14,0.0001302504146153846,0.16107893479818486,0.85,0.048,True,False,False,False,False
2025-05-28 12:00:00,0.0783270316823097,1.7170292965218437e-14,0.00013004904554561716,0.1569739670408407,0.85,0.048,True,False,False,False,False
2025-05-28 13:00:00,0.07827956965061988,-1.7694179454963432e-16,0.00012923274848389982,0.1528689992834965,0.85,0.048,True,False,False,False,False
2025-05-28 14:00:00,0.005519549315777496,3.219646771412954e-15,0.00012857253728980323,0.15533197993790304,0.85,0.11443810923967988,True,False,False,False,False
2025-05-29 08:00:00,0.0407996613138614,-3.399017178828956e-14,0.00012704973694096602,0.18094697874373059,0.15,0.048,True,False,False,False,False
2025-05-29 09:00:00,0.05782612545860276,-2.3977347884951428e-14,0.00012935525434257602,0.17290124193933604,0.15,0.048,True,False,False,False,False
2025-05-29 11:00:00,0.0013523461599055508,-4.830510991205017e-14,0.0001308538631529517,0.16140733221877238,0.85,0.048,True,False,False,False,False
2025-05-29 12:00:00,0.07675799874928288,-2.5941054859757173e-14,0.00013027420516547407,0.15746656317172197,0.85,0.048,True,False,False,False,False
2025-05-29 13:00:00,0.037139182518168286,-3.2161773244610004e-15,0.0001297274077101968,0.15385419154525914,0.85,0.08848499501796504,True,False,False,False,False
2025-05-31 08:00:00,0.020612591871800638,-2.7190055762460474e-14,0.00012126787955277281,0.17470742775256748,0.15,0.048,True,False,False,False,False
2025-05-31 09:00:00,0.013805505636255017,4.258399188827866e-14,0.00012122583333184258,0.16600489610699784,0.2593080177186755,0.048,True,False,False,False,False
2025-05-31 12:00:00,0.07380831690422002,-4.973452205625506e-14,0.00012290826852415026,0.14925662765703368,0.85,0.048,True,False,False,False,False
2025-05-31 14:00:00,0.030636389250588498,8.232997616985926e-15,0.00012421219224060823,0.14515165989968953,0.85,0.15518128339638987,True,False,False,False,False
2025-06-01 07:00:00,0.0008761570296859957,-2.80782341821606e-14,0.00012109609197227193,0.1811111774540244,0.15,0.048,True,False,False,False,False
2025-06-01 08:00:00,0.018077344920601146,1.2524703496552547e-15,0.00012137728311270127,0.1692888703128732,0.15,0.048,True,False,False,False,False
2025-06-01 09:00:00,0.011531389240741338,-3.7539416020138106e-15,0.00012144276066189624,0.1609147360878911,0.27551723545513335,0.048,True,False,False,False,False
2025-06-01 12:00:00,0.08171971224379099,-1.8599705109423326e-14,0.0001227363323255814,0.14465906376880822,0.85,0.0504439143354965,True,False,False,False,False
2025-06-01 13:00:00,0.003720378530648733,3.113134749987978e-14,0.00012309133130143114,0.1394047050394077,0.85,0.1263385781795765,True,False,True,False,False
2025-06-02 07:00:00,0.005323967036682516,1.9675233664528946e-14,0.00012145734427101968,0.17043826128492956,0.15,0.048,True,False,False,False,False
2025-06-02 08:00:00,0.02565468401732605,1.3954115640757436e-14,0.00012194426325581395,0.15910855027465967,0.15,0.048,True,False,False,False,False
2025-06-02 12:00:00,0.02572987534180043,1.7177231859122344e-14,0.0001234322980456172,0.13595653212323858,0.85,0.0668068978655802,True,False,False,False,False
2025-06-02 13:00:00,0.002013642444346071,-1.6105172750968677e-14,0.0001238595835509839,0.13086637210413185,0.85,0.1427015617096602,True,False,True,False,False
2025-06-03 07:00:00,0.003581456088416564,-3.1846053571982225e-14,0.00012291061763416815,0.16058633866730357,0.15,0.048,True,False,False,False,False
2025-06-03 08:00:00,0.01768728524513809,3.86392307039074e-14,0.00012605419497763865,0.15007762120850252,0.15,0.048,True,False,False,False,False
2025-06-03 09:00:00,0.03285699856462311,-1.8242352073372103e-14,0.00012723524785778175,0.14252448053498926,0.15,0.048,True,False,False,False,False
2025-06-03 11:00:00,0.025364705292734796,-3.0052349497822206e-14,0.00012782263029516996,0.13217996178648198,0.85,0.048,True,False,False,False,False
2025-06-03 12:00:00,0.014130471186035574,3.0770525016876604e-14,0.00012722059576923076,0.12807499402913783,0.85,0.12389466384408,True,False,True,False,False
2025-06-03 13:00:00,0.062443338285184766,-4.794775687599895e-14,0.00012646233118515207,0.1233132314306186,0.85,0.14661355203377535,True,False,False,False,False
2025-06-04 07:00:00,0.001071382160919711,-3.774758283725532e-14,0.00012183617010286226,0.16025794124671602,0.15,0.048,True,False,False,False,False
2025-06-04 08:00:00,0.041963257993502576,1.3409412469300719e-14,0.0001257406687075134,0.14974922378791503,0.15,0.048,True,False,False,False,False
2025-06-04 09:00:00,0.05114540035860202,-4.0245584642661925e-14,0.00012780032887745976,0.1423602818246955,0.177015032985618,0.048,True,False,False,False,False
2025-06-04 12:00:00,0.045889825993888377,-2.3429175266542757e-14,0.00012830510889087657,0.12791079531884403,0.85,0.072699963338572,True,False,False,False,False
2025-06-05 07:00:00,0.007096783100495507,3.3643227093094197e-14,0.00012257085252683365,0.1367775256747074,0.15,0.048,True,False,False,False,False
2025-06-05 08:00:00,0.02366590370451935,3.774411339030337e-14,0.00012569389489713775,0.12791079531884403,0.15,0.048,True,False,False,False,False
2025-06-05 09:00:00,0.005366939464491839,-1.5921292062515136e-14,0.00012740540506708407,0.12150704561738716,0.3015815198782491,0.05142422583166659,True,False,False,False,False
2025-06-06 07:00:00,0.006791730059315686,-3.0059288391726113e-14,0.00012081466779516995,0.11723787914974923,0.15,0.048,True,False,False,False,False
2025-06-06 08:00:00,0.025374297914427225,2.1510571102112408e-15,0.00012110183819320216,0.10984893718652974,0.15,0.048,True,False,False,False,False
2025-06-06 09:00:00,0.007560311730944071,3.4708347307343956e-14,0.00012115630162343471,0.10426618103654169,0.30765368915602254,0.048,True,False,False,False,False
2025-06-06 12:00:00,0.003989089910045834,-3.613429000459689e-14,0.00012227596874776387,0.0934290661571531,0.85,0.10516878000870333,True,False,False,False,False
2025-06-07 07:00:00,0.01421821327668461,-4.883246584874712e-14,0.00012108198860465117,0.13415034631000716,0.15,0.048,True,False,False,False,False
2025-06-07 08:00:00,0.0341274894805559,4.5439346729736485e-14,0.00012138666508944545,0.12528361595414375,0.15,0.048,True,False,False,False,False
2025-06-07 09:00:00,0.040501901287541546,2.5049406993105094e-15,0.0001214694837254025,0.11920826367327444,0.19958161377349967,0.048,True,False,False,False,False
2025-06-07 12:00:00,0.027188893284017534,-1.790234627208065e-15,0.0001225191548389982,0.10705755911153572,0.85,0.08701794340588324,True,False,False,False,False
2025-06-08 07:00:00,0.011332706539772903,-2.7009644520958886e-14,0.000121247556068873,0.15664556962025317,0.15,0.048,True,False,False,False,False
2025-06-08 08:00:00,0.03035190710565171,-1.6101703304016723e-14,0.0001215823360509839,0.14646524958203966,0.15,0.048,True,False,False,False,False
2025-06-08 09:00:00,0.030777776533990702,-4.65079363909382e-14,0.0001217030083139535,0.13907630761882014,0.22432284311272901,0.04983767415313019,True,False,False,False,False
2025-06-09 07:00:00,0.010947790973476618,3.971128981206107e-14,0.00012137330407423972,0.15303319799379028,0.15,0.048,True,False,False,False,False
2025-06-09 08:00:00,0.01803939567682945,-1.698988172371685e-14,0.00012191495347048301,0.14301707666587055,0.15,0.056688425284527166,True,False,False,False,False
2025-06-10 07:00:00,0.011298229099940618,4.758346494604382e-14,0.0001230331057826476,0.14843563410556485,0.15,0.048,True,False,False,False,False
2025-06-10 08:00:00,0.026382715771758953,-1.8068879725774423e-14,0.00012614951937388194,0.13874791019823263,0.15,0.048,True,False,False,False,False
2025-06-10 09:00:00,0.04216984196150824,-3.34558769576887e-14,0.00012730903148926655,0.13185156436589443,0.15,0.048,True,False,False,False,False
2025-06-10 11:00:00,0.0314646374929424,-4.061334601956901e-14,0.00012792958084525938,0.12216384045856221,0.85,0.048,True,False,False,False,False
2025-06-10 12:00:00,0.0919682631248788,8.951173136040325e-16,0.0001273628800805009,0.1183872701218056,0.85,0.048,True,False,False,False,False
2025-06-10 13:00:00,0.09029920978454722,1.609823385706477e-14,0.0001264895064490161,0.11411810365416768,0.85,0.048,True,False,False,False,False
2025-06-10 14:00:00,0.05993516251796975,2.1441182163073336e-15,0.00012587429819320214,0.11510329591593027,0.85,0.06924541570271207,True,False,False,False,False
2025-06-11 06:00:00,0.014510707153255064,4.616099169574284e-15,0.00010772758461538462,0.15073441604967758,0.15,0.048,True,False,False,False,False
2025-06-11 07:00:00,0.035213243886716386,1.519617764955683e-15,0.00010964833913685153,0.14285287795557677,0.15,0.048,True,False,False,False,False
2025-06-11 08:00:00,0.054711323445955716,3.7567171595753734e-14,0.00011121905088103758,0.1334935514688321,0.15,0.048,True,False,False,False,False
2025-06-11 09:00:00,0.07104488134128409,4.6330994596388564e-14,0.00011223281766994634,0.12676140434678768,0.15,0.048,True,False,False,False,False
2025-06-11 11:00:00,0.038300516903389606,-4.6330994596388564e-14,0.00011315771233005368,0.11756627657033675,0.85,0.048,True,False,False,False,False
2025-06-11 12:00:00,0.09377771652727873,-3.595561348657128e-14,0.00011321488276386405,0.11395390494387389,0.85,0.048,True,False,False,False,False
2025-06-11 13:00:00,0.09174872396800511,-2.951805466722135e-14,0.00011299226234347049,0.10968473847623597,0.85,0.048,True,False,False,False,False
2025-06-11 14:00:00,0.08386161748545151,-5.18855791664663e-15,0.00011280928103309482,0.11083412944829231,0.85,0.048,True,False,False,False,False
2025-06-11 15:00:00,0.03815984544279317,1.878185107440089e-14,0.00011381171669051879,0.11378970623358012,0.85,0.08109260546944236,True,False,False,False,False
2025-06-12 06:00:00,0.013080632302727789,7.511352650979575e-16,0.00010860573586762075,0.12479101982326248,0.15,0.048,True,False,False,False,False
2025-06-12 07:00:00,0.03270562558440743,-2.2898349882893854e-15,0.00010920459259391771,0.11805887270121804,0.15,0.048,True,False,False,False,False
2025-06-12 08:00:00,0.05104477702488042,-2.1510571102112408e-16,0.0001095077961806798,0.11050573202770479,0.15,0.048,True,False,False,False,False
2025-06-12 09:00:00,0.06662612547027334,2.1458529397833104e-15,0.00010969621319320215,0.10492297587771673,0.15,0.048,True,False,False,False,False
2025-06-12 10:00:00,0.07348124555848026,8.586881206085195e-15,0.0001100958077728086,0.09950441843802245,0.15,0.048,True,False,False,False,False
2025-06-12 11:00:00,0.0803222998276193,4.579669976578771e-14,0.0001103875431216458,0.09720563649390972,0.15,0.048,True,False,False,False,False
2025-06-12 12:00:00,0.029163432736086098,2.8622937353617317e-15,0.00011038513925760287,0.09408586099832816,0.430398516244081,0.048,True,False,False,False,False
2025-06-12 14:00:00,0.07659611802043616,-3.219646771412954e-15,0.00011106302021019679,0.09145868163362787,0.85,0.048,True,False,False,False,False
2025-06-12 15:00:00,0.008314339021664981,-3.5240907414468836e-14,0.00011285143882826476,0.09392166228803439,0.85,0.10386880326567435,True,False,False,False,False
2025-06-13 07:00:00,0.017673462831739522,-1.5917822615563182e-14,0.00012094103506708409,0.10410198232624791,0.15,0.048,True,False,False,False,False
2025-06-13 08:00:00,0.03157572863554617,2.5222879340702775e-14,0.00012118685127012523,0.09950441843802245,0.15,0.048,True,False,False,False,False
2025-06-13 09:00:00,0.05216559858169886,-4.3288289619525244e-14,0.00012129403810375672,0.09375746357774063,0.15,0.048,True,False,False,False,False
2025-06-13 11:00:00,0.01159649955685194,-1.970645868709653e-15,0.00012271644082289802,0.08784631000716503,0.85,0.048,True,False,False,False,False
2025-06-13 12:00:00,0.07847619128091894,2.1288526497187377e-14,0.0001227450779159213,0.08259195127776452,0.85,0.048,True,False,False,False,False
2025-06-13 13:00:00,0.022609816641342192,-2.147587663259287e-15,0.00012311444930679786,0.08045736804394556,0.85,0.12291943099308336,True,False,False,False,False
2025-06-13 14:00:00,0.012593710518588801,3.238034840258308e-14,0.00012409276441413238,0.0791437783615954,0.85,0.19881409483716336,True,False,True,False,False
2025-06-14 07:00:00,0.018202867549047968,1.9144408280880043e-14,0.00012126825722271915,0.13217996178648198,0.15,0.048,True,False,False,False,False
2025-06-14 08:00:00,0.03733710764996532,1.234429225505096e-14,0.00012158737711091235,0.12347743014091236,0.15,0.048,True,False,False,False,False
2025-06-14 09:00:00,0.053118761170269126,-3.1308289294429414e-14,0.0001216501796824687,0.11740207786004299,0.15,0.048,True,False,False,False,False
2025-06-14 10:00:00,0.06499909482349372,1.4398204850607499e-15,0.00012220415212880144,0.11132672557917364,0.15,0.048,True,False,False,False,False
2025-06-14 11:00:00,0.003070844929165049,2.1996293675385914e-14,0.000122833321480322,0.10886374492476712,0.447273138920127,0.061445366771304244,True,False,False,False,False
2025-06-16 07:00:00,0.004539273319695245,2.6294938448856442e-14,0.0001214834328667263,0.16896047289228566,0.15,0.048,True,False,False,False,False
2025-06-16 08:00:00,0.02442430371490834,1.484923295436147e-14,0.00012218089583631485,0.15779496059230955,0.15,0.048,True,False,False,False,False
2025-06-16 12:00:00,0.004353554478201478,-4.649058915617843e-15,0.00012414675808139535,0.13464294244088845,0.85,0.10462008570368325,True,False,False,False,False
2025-06-17 07:00:00,0.0039168504034421845,9.658940314238862e-15,0.00012334464186940968,0.1727370432290423,0.15,0.048,True,False,False,False,False
2025-06-17 08:00:00,0.021782855812423167,-1.3596762604706214e-14,0.00012643227727638642,0.16140733221877238,0.15,0.048,True,False,False,False,False
2025-06-17 09:00:00,0.00017511154351097444,-2.075423166658652e-14,0.00012760491663237926,0.15336159541437783,0.3265188592366403,0.048,True,False,False,False,False
2025-06-17 12:00:00,0.04308962086750416,-4.652528362569797e-15,0.00012751053058139534,0.13776271793647005,0.85,0.06617941197498975,True,False,False,False,False
2025-06-17 13:00:00,0.009252315214854655,-3.719941021884665e-14,0.0001272395046511628,0.13267255791736327,0.85,0.14207407581906975,True,False,True,False,False
2025-06-17 14:00:00,0.0013321703488299661,4.293093658347402e-14,0.00012684831636404294,0.13398614759971342,0.85,0.21796873966314975,True,False,True,False,False
2025-06-19 07:00:00,0.010318914001909317,-3.039235529911366e-15,0.00012152745672629696,0.15927274898495344,0.15,0.048,True,False,False,False,False
2025-06-19 08:00:00,0.030271439151076166,-9.128114930589959e-15,0.00012193440767889088,0.14876403152615236,0.15,0.048,True,False,False,False,False
2025-06-19 09:00:00,0.022118392941441176,-2.6655760931859618e-14,0.00012215409160107335,0.14137508956293288,0.27223996892623953,0.048,True,False,False,False,False
2025-06-19 12:00:00,0.01721297146316828,-1.96787031114809e-14,0.00012370513572898032,0.1270898017673752,0.85,0.09772642357856705,True,False,False,False,False
2025-06-20 07:00:00,0.016471087002410643,2.432429258014679e-14,0.00012133714368962433,0.14203188440410797,0.15,0.048,True,False,False,False,False
2025-06-20 08:00:00,0.03580489880760143,3.005581894477416e-14,0.00012165245470483006,0.13267255791736327,0.15,0.048,True,False,False,False,False
2025-06-20 09:00:00,0.051595144356036036,-2.4504703821648377e-14,0.0001217561822942755,0.1261046095056126,0.15,0.048,True,False,False,False,False
2025-06-20 10:00:00,0.05329127233268387,3.7386760354252146e-14,0.0001224029443649374,0.11970085980415572,0.15,0.05811649168592273,True,False,False,False,False
2025-06-23 07:00:00,0.013588158157868336,1.5921292062515136e-14,0.00012175023993291593,0.13776271793647005,0.15,0.048,True,False,False,False,False
2025-06-23 08:00:00,0.033116199469208546,-3.399364123524151e-14,0.000122435346940966,0.12873178887031286,0.15,0.048,True,False,False,False,False
2025-06-23 09:00:00,0.03424820362751958,1.9494822423027358e-14,0.0001227737427549195,0.12232803916885598,0.2223540892072741,0.048,True,False,False,False,False
2025-06-23 12:00:00,0.045085102190415546,1.6101703304016723e-14,0.0001246174989490161,0.10984893718652974,0.85,0.07255697315014728,True,False,False,False,False
2025-06-24 07:00:00,0.011747219877954497,3.0770525016876604e-14,0.00012261874576923078,0.15270480057320276,0.15,0.048,True,False,False,False,False
2025-06-24 08:00:00,0.02783300910811797,-1.5747819714917455e-14,0.00012591534408318424,0.14268867924528303,0.15,0.048,True,False,False,False,False
2025-06-24 09:00:00,0.037537271700280275,3.256075964408467e-14,0.00012738918843023257,0.13562813470265106,0.15,0.048,True,False,False,False,False
2025-06-24 10:00:00,0.04619113453072027,-2.5760643618255585e-14,0.00012815433918157425,0.12856759016001912,0.15,0.048,True,False,False,False,False
2025-06-24 11:00:00,0.0713299392733195,3.9180464428412165e-14,0.00012822872702593919,0.1256120133747313,0.15,0.056256343804469186,True,False,False,False,False
2025-06-24 14:00:00,0.005998979204173189,-3.4170583029791146e-14,0.00012634868042486584,0.11855146883209935,0.85,0.17702578413853173,True,False,True,False,False
2025-06-25 07:00:00,0.011682657256756815,5.30825383648903e-16,0.00012196471454830053,0.15336159541437783,0.15,0.048,True,False,False,False,False
2025-06-25 08:00:00,0.02731732318718526,-1.5567408473415867e-14,0.00012564628309928445,0.14318127537616432,0.15,0.048,True,False,False,False,False
2025-06-25 09:00:00,0.06871376411923759,-4.489811300523172e-14,0.0001280254694588551,0.13612073083353235,0.15,0.048,True,False,False,False,False
2025-06-25 10:00:00,0.08286672415820757,3.2921582127087845e-14,0.00012968065146243293,0.12906018629090038,0.15,0.048,True,False,False,False,False
2025-06-25 11:00:00,0.057412665668645495,1.609823385706477e-14,0.0001299091314490161,0.1261046095056126,0.15,0.07936398763766797,True,False,False,False,False
2025-06-25 12:00:00,0.013472167935849887,1.6812939929167214e-14,0.00012937928501341683,0.12232803916885598,0.15,0.15525865148174797,True,False,True,False,False
2025-06-26 07:00:00,0.016557192375046815,2.8622937353617317e-15,0.00012145861925760287,0.13841951277764508,0.15,0.048,True,False,False,False,False
2025-06-26 08:00:00,0.03506976132272758,4.4717701763730133e-14,0.00012231292402504473,0.12922438500119418,0.15,0.048,True,False,False,False,False
2025-06-26 09:00:00,0.050881001494392196,4.561628852428612e-14,0.00012297137910554563,0.12282063529973727,0.15,0.048,True,False,False,False,False
2025-06-26 10:00:00,0.0593169767427195,1.1088352458443751e-14,0.00012395549149821108,0.1164168855982804,0.15,0.048,True,False,False,False,False
2025-06-26 11:00:00,0.013787044755349158,-2.2173235469935548e-14,0.00012507594200357783,0.11378970623358012,0.15,0.10075607582352714,True,False,False,False,False
2025-06-26 14:00:00,0.010156380236804322,2.397040899104752e-14,0.00012815780565742397,0.10722175782182948,0.85,0.18709159225864977,True,False,True,False,False
2025-06-27 06:00:00,0.0015508407395281145,8.229528170033973e-15,0.00011939245974060824,0.12380582756149988,0.15,0.048,True,False,False,False,False
2025-06-27 07:00:00,0.0192707842575888,-4.472117121068209e-15,0.00012091041959749554,0.1169094817291617,0.15,0.048,True,False,False,False,False
2025-06-27 08:00:00,0.037712676755298435,3.5062230896443225e-14,0.00012163449715563507,0.10968473847623597,0.15,0.048,True,False,False,False,False
2025-06-27 09:00:00,0.04962328405253827,1.3239409568654992e-14,0.00012212645469141325,0.10410198232624791,0.15,0.048,True,False,False,False,False
2025-06-27 11:00:00,0.000914957423044705,4.826000710167477e-15,0.00012389890343470484,0.09654884165273464,0.85,0.048,True,False,False,False,False
2025-06-27 12:00:00,0.06435774435221164,-3.9343528435153985e-15,0.00012397883914579607,0.09310066873656557,0.85,0.08023136797168806,True,False,False,False,False
2025-06-27 13:00:00,0.09549454313212222,3.541958393249445e-14,0.00012418913518783543,0.08981669453069024,0.85,0.08023136797168806,True,False,False,False,False
2025-06-27 14:00:00,0.010086152932862403,3.237687895563113e-14,0.00012512764441413238,0.09047348937186529,0.85,0.15612603181576806,True,False,True,False,False
2025-06-28 06:00:00,0.004683307129043366,-1.8957058145474548e-14,0.00011946089179338106,0.11576009075710532,0.15,0.048,True,False,False,False,False
2025-06-28 07:00:00,0.023391178485612577,3.1127878052927827e-14,0.00012122897630143114,0.10755015524241701,0.15,0.048,True,False,False,False,False
2025-06-28 08:00:00,0.038779178139334104,2.6478819137309983e-14,0.00012197964188282649,0.10262419393360402,0.15,0.048,True,False,False,False,False
2025-06-28 09:00:00,0.053330201070428934,-1.6993351170668802e-14,0.000122450873470483,0.09687723907332216,0.15,0.048,True,False,False,False,False
2025-06-28 10:00:00,0.0654494320528318,-2.755087824546365e-14,0.00012296215652057244,0.09211547647480296,0.15,0.048,True,False,False,False,False
2025-06-28 11:00:00,0.053345923711642845,4.060293767871315e-14,0.0001233697441547406,0.09063768808215907,0.15,0.06265140784908871,True,False,False,False,False
2025-06-29 06:00:00,0.004094689202883331,-7.33441085642994e-15,0.00011896453533989268,0.10032541198949128,0.15,0.048,True,False,False,False,False
2025-06-29 07:00:00,0.021975785529578233,3.4704877860392e-14,0.00012065247412343471,0.09211547647480296,0.15,0.048,True,False,False,False,False
2025-06-29 08:00:00,0.03672779394271786,-4.221623051137158e-14,0.00012154639970035779,0.08915989968951515,0.15,0.048,True,False,False,False,False
2025-06-29 09:00:00,0.042814217522039205,-4.615405280183893e-14,0.00012221717384615385,0.0835771435395271,0.15,0.05399026003153369,True,False,False,False,False
2025-06-30 06:00:00,0.0009876321461608246,-7.87217513398275e-15,0.00011904027329159213,0.0973698352042035,0.15,0.048,True,False,False,False,False
2025-06-30 07:00:00,0.018221431480126803,-1.842276331487369e-14,0.00012100570134168159,0.08883150226892764,0.15,0.048,True,False,False,False,False
2025-06-30 08:00:00,0.03243166073664857,1.1629586182948515e-14,0.00012206780604651164,0.0865327203248149,0.15,0.048,True,False,False,False,False
2025-06-30 09:00:00,0.019797464240605526,4.2396641752873165e-14,0.0001225145118157424,0.08094996417482685,0.26510143673732695,0.048,True,False,False,False,False
2025-06-30 12:00:00,0.06481474308574518,-4.096376016171632e-14,0.00012371586781305903,0.07027704800573202,0.85,0.048,True,False,False,False,False
2025-06-30 13:00:00,0.06346130397943882,1.6642937028521487e-14,0.00012392936349731664,0.06912765703367565,0.85,0.048,True,False,False,False,False
2025-06-30 14:00:00,0.029707930533629343,4.4009934585531596e-14,0.00012447693046064402,0.06666467637926916,0.85,0.0750271762418814,True,False,False,False,False
2025-07-01 06:00:00,0.009876422256210365,-4.704570066849101e-14,0.00011722045626565296,0.07766598996895152,0.15,0.048,True,False,False,False,False
2025-07-01 07:00:00,0.023990587517981464,-3.3632818752238336e-14,0.00012149652247316637,0.07060544542631957,0.15,0.048,True,False,False,False,False
2025-07-01 08:00:00,0.040738948111480267,-4.812122922359663e-14,0.0001246686446690519,0.0689634583233819,0.15,0.048,True,False,False,False,False
2025-07-01 09:00:00,0.05158960295164853,2.040034807748725e-14,0.00012652042033542042,0.06453009314545019,0.15,0.048,True,False,False,False,False
2025-07-01 10:00:00,0.0864646178154316,1.2490009027033011e-15,0.00012767747811270126,0.061410317649868644,0.15,0.048,True,False,False,False,False
2025-07-01 11:00:00,0.052066916629108825,-6.085409953726639e-15,0.00012836537595259392,0.061081920229281106,0.3621328087469419,0.048,True,False,False,False,False
2025-07-01 13:00:00,0.09567913038503234,-2.869232629265639e-15,0.00012827279324239714,0.054842369238117986,0.8482999999999999,0.048,True,False,False,False,False
2025-07-01 14:00:00,0.08858827411296795,2.5760643618255585e-14,0.00012797494831842576,0.05237938858371149,0.8466033999999999,0.048,True,False,False,False,False
2025-07-01 15:00:00,0.07032092259149304,6.800116025829084e-15,0.0001291625026118068,0.05320038213518032,0.7906240889804081,0.062107406115783796,True,False,False,False,False
2025-07-02 04:00:00,0.0085133938028645,-3.398843706481358e-14,0.00011282228194096601,0.05779794602340579,0.1632824347156161,0.048,True,False,False,False,False
2025-07-02 05:00:00,0.014720402437412355,-4.4722905934158064e-14,0.00011386703847495528,0.06387329830427513,0.1503006012024048,0.048,True,False,False,False,False
2025-07-02 06:00:00,0.03237273258466996,2.1826290774740187e-14,0.00011687486996422183,0.0600967279675185,0.15,0.048,True,False,False,False,False
2025-07-02 07:00:00,0.052567653732432634,1.3416351363204626e-14,0.00012129812620751342,0.054678170527824206,0.15,0.048,True,False,False,False,False
2025-07-02 08:00:00,0.07010338572853425,2.147587663259287e-15,0.00012511604069320216,0.05336458084547409,0.15,0.048,True,False,False,False,False
2025-07-02 09:00:00,0.08538500114923527,-1.4838824613505608e-14,0.00012758623916368517,0.05008060663959876,0.15,0.048,True,False,False,False,False
2025-07-02 10:00:00,0.0957804820520893,-3.2921582127087845e-14,0.00012930470353756708,0.04778182469548603,0.15,0.048,True,False,False,False,False
2025-07-02 12:00:00,0.07886186934043918,-4.293787547737793e-14,0.00013122656863595708,0.04318426080726057,0.85,0.048,True,False,False,False,False
2025-07-02 13:00:00,0.10515704865184505,7.216449660063518e-16,0.00013185841606440073,0.042527465966085504,0.8482999999999999,0.048,True,False,False,False,False
2025-07-02 14:00:00,0.10018876207931142,-4.651140583789015e-14,0.0001315840333139535,0.04055708144256031,0.8232381403690708,0.048,True,False,False,False,False
2025-07-02 15:00:00,0.09020826200897,4.472117121068209e-14,0.00013290155152504473,0.04121387628373537,0.7795366882886389,0.048,True,False,False,False,False
2025-07-02 16:00:00,0.07629601389254499,1.519617764955683e-14,0.0001385795288685152,0.04318426080726057,0.7339120426597148,0.048,True,False,False,False,False
2025-07-02 17:00:00,0.058068106923625,3.702593787124897e-14,0.00014000676883273703,0.04679663243372343,0.684692552825722,0.048,True,False,False,False,False
2025-07-02 18:00:00,0.041986459223174996,4.8482051706599805e-14,0.0001359560933631485,0.05008060663959876,0.6322205078837441,0.048,True,False,False,False,False
2025-07-02 20:00:00,0.008839358458393,-4.2396641752873165e-14,0.0001293014281842576,0.05205099116312396,0.5229050102491476,0.048,True,False,False,False,False
2025-07-03 04:00:00,0.0085762256044585,4.829470157119431e-15,0.00011323998593470484,0.051722593742536425,0.262625120696008,0.048,True,False,False,False,False
2025-07-03 05:00:00,0.02508755931986,2.8444260835591706e-14,0.00011531233855992845,0.054678170527824206,0.20630581889563643,0.048,True,False,False,False,False
2025-07-03 06:00:00,0.043970426748535,4.704917011544296e-14,0.00011819357623434705,0.054185574396942916,0.15060180481202884,0.048,True,False,False,False,False
2025-07-03 07:00:00,0.03396401308587869,1.7891937931224788e-14,0.0001201376291100179,0.0489312156675424,0.1503006012024048,0.048,True,False,False,False,False
2025-07-03 08:00:00,0.05022942956450073,3.0943997364474285e-14,0.00012136413978533095,0.048438619536661086,0.15,0.048,True,False,False,False,False
2025-07-03 09:00:00,0.06471107366207271,-1.1626116735996561e-14,0.00012230910895348837,0.04531884404107953,0.15,0.048,True,False,False,False,False
2025-07-03 11:00:00,0.09304502783285303,3.040970253387343e-14,0.00012430469023703042,0.043020062096966794,0.7090226274203462,0.048,True,False,False,False,False
2025-07-03 12:00:00,0.10471552346030458,5.547645676173829e-15,0.00012445657199910555,0.03940769047050394,0.7076045821655056,0.048,True,False,False,False,False
2025-07-03 13:00:00,0.10295932777812837,6.081940506774686e-15,0.0001245461640474061,0.03924349176021018,0.7061893730011746,0.048,True,False,False,False,False
2025-07-03 14:00:00,0.10261091098939999,3.0943997364474285e-14,0.00012553228728533094,0.03710890852639121,0.6669107610649682,0.048,True,False,False,False,False
2025-07-03 15:00:00,0.05745581362385998,-3.1665642330480637e-14,0.00012956858665026834,0.03727310723668498,0.6275431566482466,0.08501274764248862,True,False,False,False,False
2025-07-03 16:00:00,0.003622308791469992,5.002942504717112e-15,0.000137368402450805,0.03924349176021018,0.5862436909878073,0.16090741148656862,True,False,True,False,False
2025-07-03 17:00:00,0.025331968494774995,-3.0954405705330146e-14,0.00013935338521466905,0.04236326725579174,0.5418433798754236,0.16090741148656862,True,False,False,False,False
2025-07-04 05:00:00,0.0024695039199200196,4.5977111007289295e-14,0.00011516838963774598,0.04531884404107953,0.15,0.048,True,False,False,False,False
2025-07-04 06:00:00,0.01763240835756584,-1.9317880628477724e-14,0.00011798188876118069,0.05057320277048006,0.15,0.048,True,False,False,False,False
2025-07-04 07:00:00,0.03513012941283854,1.5026174748911103e-14,0.00011994420985241503,0.045647241461667064,0.15,0.048,True,False,False,False,False
2025-07-04 08:00:00,0.05135712762799854,4.669181707939174e-14,0.0001210386457021467,0.045647241461667064,0.15,0.048,True,False,False,False,False
2025-07-04 09:00:00,0.0657022640290972,-2.09277040141842e-14,0.00012182969761627908,0.043020062096966794,0.15,0.048,True,False,False,False,False
2025-07-04 10:00:00,0.09196802925843545,4.956104970865738e-14,0.00012306257495974958,0.04154227370432291,0.15,0.048,True,False,False,False,False
2025-07-04 11:00:00,0.09050947038303545,4.2750525341972434e-14,0.00012422641234794275,0.04154227370432291,0.15,0.048,True,False,False,False,False
2025-07-04 12:00:00,0.09555340659524988,2.146546829173701e-14,0.00012411718943202148,0.03809410078815381,0.15,0.048,True,False,False,False,False
2025-07-04 13:00:00,0.007590112831572657,-9.481998519689228e-15,0.00012407929964669052,0.03842249820874135,0.16292839748966026,0.12389466384408,True,False,True,False,False
2025-07-04 15:00:00,0.008654596967471034,-3.8642700150859355e-14,0.00012860073502236137,0.03546692142345355,0.6061863493753601,0.18193304192222876,True,False,False,False,False
2025-07-05 05:00:00,0.0025826515658180717,-1.1268763699945339e-14,0.00011518319698568873,0.04285586338667304,0.15,0.048,True,False,False,False,False
2025-07-05 06:00:00,0.013833741309380265,-4.2934406030425976e-14,0.00011793474613595707,0.04860281824695486,0.15,0.048,True,False,False,False,False
2025-07-05 07:00:00,0.028195723509011224,2.200323256928982e-14,0.00011998789648032201,0.04367685693814187,0.15,0.048,True,False,False,False,False
2025-07-05 08:00:00,0.045028986026466614,-4.2032349822918036e-14,0.00012111382371645798,0.0440052543587294,0.15,0.048,True,False,False,False,False
2025-07-05 09:00:00,0.06050426358340026,1.1983469772047783e-14,0.00012196668657871199,0.041378074994029145,0.15,0.048,True,False,False,False,False
2025-07-05 10:00:00,0.06665139413630526,1.2170819907453279e-14,0.00012328203809481217,0.03990028660138524,0.15,0.048,True,False,False,False,False
2025-07-05 11:00:00,0.09994695017101046,4.544281617668844e-14,0.00012461596258944545,0.040064485311679006,0.15,0.048,True,False,False,False,False
2025-07-05 12:00:00,0.10573642032854315,-1.1803058530546195e-14,0.0001248875924373882,0.03661631239550992,0.15,0.048,True,False,False,False,False
2025-07-05 13:00:00,0.1046175636993239,5.5441762292218755e-15,0.00012517291949910555,0.03727310723668498,0.15,0.048,True,False,False,False,False
2025-07-05 14:00:00,0.011519607496886875,-3.291811268013589e-14,0.00012572478103756708,0.03415333174110342,0.6212404204388233,0.048,True,False,False,False,False
2025-07-05 15:00:00,0.04546682614370529,3.237687895563113e-14,0.00012904672441413237,0.03415333174110342,0.6199979395979457,0.09028875434661332,True,False,False,False,False
2025-07-06 04:00:00,0.007913898921786499,9.658940314238862e-15,0.00011303445186940966,0.05517076665870552,0.15060180481202884,0.048,True,False,False,False,False
2025-07-06 05:00:00,0.01355834796937152,3.2198202437605516e-14,0.0001150743878980322,0.05779794602340579,0.1503006012024048,0.048,True,False,False,False,False
2025-07-06 06:00:00,0.015187681020715826,-3.774758283725532e-14,0.00011788565760286226,0.057633747313112015,0.15,0.048,True,False,False,False,False
2025-07-06 07:00:00,0.03362488839093671,-3.6137759451548845e-14,0.00011997553874776386,0.05221518987341773,0.15,0.048,True,False,False,False,False
2025-07-06 08:00:00,0.049277153461585066,-5.547645676173829e-15,0.00012119084300089446,0.05139419632194889,0.15,0.048,True,False,False,False,False
2025-07-06 09:00:00,0.06346951842539987,-1.2524703496552547e-15,0.00012184949938729876,0.04827442082636733,0.15,0.048,True,False,False,False,False
2025-07-06 10:00:00,0.07407522570653258,1.2521234049600594e-14,0.00012265951862701252,0.046304036302842126,0.15,0.048,True,False,False,False,False
2025-07-06 11:00:00,0.042329412077041786,1.2524703496552547e-15,0.00012344176311270124,0.04613983759254837,0.3371150591360685,0.048,True,False,False,False,False
2025-07-06 13:00:00,0.0731046417225031,-6.619704784327496e-15,0.0001237100689042934,0.041870671124910434,0.739227489435111,0.048,True,False,False,False,False
2025-07-06 15:00:00,0.02815421910149809,1.790234627208065e-15,0.0001278059276610018,0.039736087891091475,0.6957265079270223,0.14292591571106214,True,False,False,False,False
2025-07-07 06:00:00,0.012551285036762984,2.0393409183583344e-14,0.0001178711203354204,0.06288810604251253,0.15,0.048,True,False,False,False,False
2025-07-07 07:00:00,0.024473593502519625,-3.882311139236094e-14,0.00012019756100626118,0.057141151182230725,0.15,0.048,True,False,False,False,False
2025-07-07 08:00:00,0.040777955137568725,1.9317880628477724e-14,0.00012140913873881932,0.05599176021017435,0.15,0.048,True,False,False,False,False
2025-07-07 09:00:00,0.05215484193344623,4.024905408961388e-14,0.00012210565362254024,0.05237938858371149,0.15,0.048,True,False,False,False,False
2025-07-07 10:00:00,0.06393194043019007,-2.4331231474050696e-14,0.0001228588488103757,0.04991640792930499,0.15,0.048,True,False,False,False,False
2025-07-07 11:00:00,0.016587757289436813,3.327893516313907e-14,0.00012370289199463327,0.04958801050871746,0.44328884363242405,0.048,True,False,False,False,False
2025-07-07 13:00:00,0.06849003587411442,-3.971475925901302e-14,0.0001240408009257603,0.0444978504896107,0.8437182859725672,0.048,True,False,False,False,False
2025-07-07 14:00:00,0.05243982933312291,-2.6294938448856442e-14,0.00012437971963327372,0.042527465966085504,0.842030849400622,0.06076540000443065,True,False,False,False,False
2025-07-08 06:00:00,0.008864720875278091,-1.3950646193805483e-14,0.00011704267924418605,0.07881538094100789,0.15,0.048,True,False,False,False,False
2025-07-08 07:00:00,0.02384996208654642,3.400058012914542e-15,0.00012110609380590341,0.07142643897778839,0.15,0.048,True,False,False,False,False
2025-07-08 08:00:00,0.03655550848430488,1.5563939026463913e-14,0.00012395131440071558,0.07011284929543825,0.15,0.048,True,False,False,False,False
2025-07-08 09:00:00,0.05108131295012276,-2.898029038966854e-14,0.00012517123939177104,0.06535108669691904,0.15,0.048,True,False,False,False,False
2025-07-08 10:00:00,0.05305442342368104,-9.3119956190435e-15,0.00012558134866279069,0.06239550991163125,0.15,0.048,True,False,False,False,False
2025-07-08 11:00:00,0.09244906973748544,-4.507852424673331e-14,0.00012573034794275493,0.06190291378074994,0.15,0.048,True,False,False,False,False
2025-07-08 12:00:00,0.0600919252728995,1.557087792036782e-14,0.00012561789690071558,0.05648435634105565,0.34043075825942876,0.048,True,False,False,False,False
2025-07-08 14:00:00,0.009829731336417548,2.5760643618255585e-14,0.00012437275081842575,0.05320038213518032,0.85,0.12389466384408,True,False,True,False,False
2025-07-08 15:00:00,0.04891979793592821,-1.7350704206720025e-14,0.00012544139043828265,0.054185574396942916,0.85,0.15400822932622166,True,False,False,False,False
2025-07-09 06:00:00,0.0029656092707856982,-3.6848996076699336e-14,0.00011658036518336315,0.1211786481967996,0.15,0.048,True,False,False,False,False
2025-07-09 07:00:00,0.018090034437204708,-7.147060721024445e-16,0.00012053568393559929,0.11395390494387389,0.15,0.048,True,False,False,False,False
2025-07-09 08:00:00,0.0339095885715931,6.619704784327496e-15,0.00012365969859570662,0.10738595653212324,0.15,0.048,True,False,False,False,False
2025-07-09 09:00:00,0.049983648827801555,-1.4328815911568427e-15,0.00012540800037119857,0.10180320038213515,0.15,0.048,True,False,False,False,False
2025-07-09 11:00:00,0.016997000234102836,2.1649348980190553e-14,0.00012676813344812167,0.09457845712920944,0.85,0.048,True,False,False,False,False
2025-07-09 12:00:00,0.083860240120767,-2.7908231281514873e-14,0.0001265245634883721,0.09080188679245284,0.85,0.059355793519723365,True,False,False,False,False
2025-07-09 13:00:00,0.0044501767196542625,1.7718465583627108e-14,0.00012591282259391773,0.08768211129687126,0.85,0.13525045736380337,True,False,True,False,False
2025-07-09 14:00:00,0.0011734567686047994,-2.2180174363839456e-14,0.00012582454700357782,0.08784631000716503,0.85,0.21114512120788337,True,False,True,False,False
2025-07-10 07:00:00,0.015940123023335237,3.720634911275056e-14,0.00012007061534883721,0.13086637210413185,0.15,0.048,True,False,False,False,False
2025-07-10 08:00:00,0.03292109228266387,2.593758541280522e-14,0.00012174823233452594,0.12232803916885598,0.15,0.048,True,False,False,False,False
2025-07-10 09:00:00,0.018958297848083557,-2.9341112872671715e-14,0.00012295707885957066,0.11625268688798664,0.28056369870190984,0.048,True,False,False,False,False
2025-07-10 12:00:00,0.027115260069653185,3.2231162183649076e-15,0.00012578098478980323,0.10443037974683546,0.85,0.08661952267397165,True,False,False,False,False
2025-07-11 07:00:00,0.01609537732113142,2.754046990460779e-14,0.00011992563347942755,0.12544781466443755,0.15,0.048,True,False,False,False,False
2025-07-11 08:00:00,0.036281803933406805,4.1858877475320355e-14,0.00012125143976744187,0.11707368043945546,0.15,0.048,True,False,False,False,False
2025-07-11 09:00:00,0.05123376995456873,-5.367234434672241e-15,0.00012194981451699464,0.11132672557917364,0.15,0.048,True,False,False,False,False
2025-07-11 10:00:00,0.06208334375725065,6.088879400678593e-15,0.0001228724040474061,0.1055797707188918,0.15,0.048,True,False,False,False,False
2025-07-11 11:00:00,0.03203459387834659,-8.760353553682876e-15,0.00012372872571109124,0.10311679006448532,0.15,0.08593345177720253,True,False,False,False,False
2025-07-12 06:00:00,0.002634753571882068,3.649511248760007e-14,0.0001175414442844365,0.11181932171005493,0.15,0.048,True,False,False,False,False
2025-07-12 07:00:00,0.020070374309135695,1.6996820617620756e-14,0.000119957921529517,0.1036093861953666,0.15,0.048,True,False,False,False,False
2025-07-12 08:00:00,0.03534486667670368,-6.619704784327496e-15,0.00012157884640429338,0.09917602101743492,0.15,0.048,True,False,False,False,False
2025-07-12 09:00:00,0.04758564670196334,1.9671764217576992e-14,0.00012275993677101968,0.0934290661571531,0.15,0.048,True,False,False,False,False
2025-07-12 10:00:00,0.020445044066306168,-1.8252760414227964e-14,0.00012411518035778174,0.08883150226892764,0.36459372003178747,0.048,True,False,False,False,False
2025-07-12 12:00:00,0.09214383520810426,-4.615405280183893e-14,0.00012561526634615385,0.08209935514688321,0.85,0.048,True,False,False,False,False
2025-07-12 13:00:00,0.014828419705044553,4.561975797123807e-14,0.00012535719660554563,0.08012897062335801,0.85,0.11774429679948635,True,False,False,False,False
2025-07-12 16:00:00,0.02101336309326604,-5.904998712225051e-15,0.0001349350699686941,0.08439813709099594,0.85,0.2517191969845509,True,False,False,False,False
2025-07-13 07:00:00,0.015693677860649066,3.220340660803345e-14,0.0001198325753980322,0.09507105326009077,0.15,0.048,True,False,False,False,False
2025-07-13 08:00:00,0.026042184196370662,-2.6836172173361206e-14,0.00012129562508497317,0.09178707905421545,0.15,0.048,True,False,False,False,False
2025-07-13 09:00:00,0.03575162080540959,-2.0212997942081756e-14,0.0001226021961806798,0.08620432290422739,0.15,0.048,True,False,False,False,False
2025-07-13 11:00:00,0.00861609506303593,2.736699755701011e-14,0.00012405313696332737,0.08111416288512062,0.85,0.048,True,False,False,False,False
2025-07-13 12:00:00,0.08563833316880885,-4.7233050803896504e-14,0.00012401732974955278,0.07536720802483879,0.85,0.048,True,False,False,False,False
2025-07-13 13:00:00,0.06482240653952002,-1.0193235144839718e-14,0.00012428087858228982,0.07372522092190113,0.85,0.06881751538810635,True,False,False,False,False
2025-07-13 14:00:00,0.005435907668931008,-1.9317880628477724e-14,0.0001250471062611807,0.07191903510866969,0.85,0.14471217923218635,True,False,True,False,False
2025-07-14 06:00:00,0.0033850686122726256,-4.346870086102683e-14,0.00011739957158765654,0.10213159780272273,0.15,0.048,True,False,False,False,False
2025-07-14 07:00:00,0.02168731278449053,3.738329090730019e-14,0.00011998404436493739,0.09392166228803439,0.15,0.048,True,False,False,False,False
2025-07-14 08:00:00,0.03440445805192243,-3.219646771412954e-15,0.00012155949521019679,0.09063768808215907,0.15,0.048,True,False,False,False,False
2025-07-14 09:00:00,0.05326193061621262,-1.628211454551831e-14,0.00012245760703488373,0.08521913064246478,0.15,0.048,True,False,False,False,False
2025-07-14 11:00:00,0.001075294048944949,6.980527267330672e-15,0.00012397767912790698,0.08012897062335801,0.85,0.048,True,False,False,False,False
2025-07-14 12:00:00,0.07603563797135172,2.808864252301646e-14,0.0001240276130277281,0.07438201576307618,0.85,0.048,True,False,False,False,False
2025-07-14 13:00:00,0.0716352239338726,2.147587663259287e-15,0.00012409568069320215,0.07290422737043228,0.85,0.048,True,False,False,False,False
2025-07-14 14:00:00,0.06270334941896394,-2.8085173076064507e-14,0.0001244828819722719,0.0709338428469071,0.85,0.048,True,False,False,False,False
2025-07-14 15:00:00,0.008222356060790515,2.272140808834422e-14,0.00012641890504472273,0.07224743252925722,0.85,0.09172447536108677,True,False,False,False,False
2025-07-15 06:00:00,0.02121975176010882,4.7406523151494184e-14,0.00011636795926654741,0.10705755911153572,0.15,0.048,True,False,False,False,False
2025-07-15 07:00:00,0.0412123880121192,1.4328815911568427e-15,0.00012019346212880145,0.0988476235968474,0.15,0.048,True,False,False,False,False
2025-07-15 08:00:00,0.05501831434549335,2.9157232184218174e-14,0.00012329830712432915,0.094906854549797,0.15,0.048,True,False,False,False,False
2025-07-15 09:00:00,0.07307314897560027,3.66720542821497e-14,0.00012523198330053668,0.08932409839980893,0.15,0.048,True,False,False,False,False
2025-07-15 10:00:00,0.08080568453785374,-1.790234627208065e-15,0.00012633989483899823,0.08505493193217101,0.15,0.048,True,False,False,False,False
2025-07-15 11:00:00,0.05124149442462719,2.916070163117013e-14,0.00012656332712432917,0.08390554096011464,0.35038532549754103,0.048,True,False,False,False,False
2025-07-15 13:00:00,0.09023457738721581,-2.4327762027098743e-14,0.00012602429131037567,0.07651659899689514,0.85,0.048,True,False,False,False,False
2025-07-15 14:00:00,0.08768403182706676,-1.77115266897232e-14,0.00012581533740608228,0.0748746118939575,0.85,0.048,True,False,False,False,False
2025-07-15 15:00:00,0.0415076180134294,-3.685246552365129e-14,0.00012688057268336317,0.07651659899689514,0.85,0.08351430050030605,True,False,False,False,False
2025-07-15 17:00:00,0.010446747924256775,-4.061334601956901e-14,0.00013289723584525938,0.08686111774540244,0.85,0.14385489229085727,True,False,False,False,False
2025-07-16 06:00:00,0.019832077166104946,3.2557290197132716e-14,0.00011607868593023256,0.11066993073799855,0.15,0.048,True,False,False,False,False
2025-07-16 07:00:00,0.04053273199261583,2.1822821327788233e-14,0.00011993966246422183,0.10262419393360402,0.15,0.048,True,False,False,False,False
2025-07-16 08:00:00,0.059107113360792274,8.944234242136417e-15,0.00012346240080500894,0.09819082875567231,0.15,0.048,True,False,False,False,False
2025-07-16 09:00:00,0.07368868202376358,-2.0209528495129803e-14,0.0001257990711806798,0.0924438738953905,0.15,0.048,True,False,False,False,False
2025-07-16 11:00:00,0.047664585183056184,3.076705556992465e-14,0.00012843186076923077,0.08669691903510868,0.85,0.048,True,False,False,False,False
2025-07-16 12:00:00,0.09761672958511558,1.609823385706477e-15,0.00012888612864490163,0.08144256030570814,0.85,0.048,True,False,False,False,False
2025-07-16 13:00:00,0.09528770415751806,-5.006411951669065e-15,0.000128930660049195,0.07930797707188918,0.85,0.048,True,False,False,False,False
2025-07-16 14:00:00,0.08821146896137105,-3.3813229993739924e-14,0.0001287556434570662,0.07799438738953904,0.85,0.048,True,False,False,False,False
2025-07-16 15:00:00,0.039294698691722155,-2.969846590872294e-14,0.00013022918082737032,0.07963637449247672,0.85,0.084690584022312,True,False,False,False,False
2025-07-16 16:00:00,0.05963405158438241,2.4154289679501062e-14,0.00013491279467352417,0.0835771435395271,0.85,0.084690584022312,True,False,False,False,False
2025-07-16 17:00:00,0.03917760444955097,-2.8629876247521224e-14,0.00013664478742397138,0.09030929066157153,0.85,0.084690584022312,True,False,False,False,False
2025-07-17 05:00:00,0.00024619910463759,5.545910952697852e-15,0.00011467330949910555,0.11526749462622403,0.15,0.048,True,False,False,False,False
2025-07-17 06:00:00,0.0211258427641237,-4.186234692227231e-14,0.00011713440773255815,0.10689336040124194,0.15,0.048,True,False,False,False,False
2025-07-17 07:00:00,0.04164704639153104,-2.7193525209412428e-14,0.0001197454245527728,0.0986834248865536,0.15,0.048,True,False,False,False,False
2025-07-17 08:00:00,0.05572924134746335,3.256075964408467e-14,0.00012182629593023256,0.094906854549797,0.15,0.048,True,False,False,False,False
2025-07-17 09:00:00,0.07137524698515527,1.6132928326584306e-15,0.00012296939364490162,0.08932409839980893,0.15,0.048,True,False,False,False,False
2025-07-17 10:00:00,0.08784558609435852,-3.774411339030337e-14,0.00012406787760286227,0.08489073322187723,0.15,0.048,True,False,False,False,False
2025-07-17 11:00:00,0.09514621240658738,-1.4127587988355117e-14,0.00012504281522808587,0.08390554096011464,0.15,0.048,True,False,False,False,False
2025-07-17 12:00:00,0.06139578426969915,-3.576999807464176e-15,0.00012487093717799644,0.07815858609983281,0.3484836179173425,0.048,True,False,False,False,False
2025-07-17 14:00:00,0.08609327930065591,-2.8439056665163776e-14,0.00012506439894007158,0.07471041318366371,0.85,0.048,True,False,False,False,False
2025-07-17 15:00:00,0.07623413307799749,4.651834473179406e-14,0.00012777182918604653,0.07618820157630762,0.85,0.048,True,False,False,False,False
2025-07-17 16:00:00,0.049238117864183605,1.609823385706477e-15,0.00013431050364490162,0.07996477191306424,0.85,0.059705938020985304,True,False,False,False,False
2025-07-17 17:00:00,0.007494703467106238,6.25888230132432e-15,0.00013641392556350626,0.0865327203248149,0.8482999999999999,0.059705938020985304,True,False,False,False,False
2025-07-17 18:00:00,0.009699526083519306,-4.1147640850169864e-14,0.00013290111629695887,0.09260807260568425,0.7526642061449466,0.059705938020985304,True,False,False,False,False
2025-07-18 06:00:00,0.00826667533382046,1.2160411566597418e-14,0.00011692508309481217,0.0894882971101027,0.15,0.048,True,False,False,False,False
2025-07-18 07:00:00,0.02586844038094143,-2.7911700728466826e-14,0.0001195823534883721,0.08160675901600192,0.15,0.048,True,False,False,False,False
2025-07-18 08:00:00,0.04044362722467585,-4.758693439299577e-14,0.00012143043421735242,0.07963637449247672,0.15,0.048,True,False,False,False,False
2025-07-18 09:00:00,0.07805331142728816,2.5403290582204363e-14,0.0001221348302862254,0.07438201576307618,0.15,0.048,True,False,False,False,False
2025-07-18 10:00:00,0.09026075691732585,1.9137469386976136e-14,0.00012281933972271914,0.0709338428469071,0.15,0.048,True,False,False,False,False
2025-07-18 11:00:00,0.09756338357884026,3.5783875862449577e-14,0.0001233408957200358,0.07044124671602581,0.15,0.048,True,False,False,False,False
2025-07-18 12:00:00,0.10113339855201335,-4.901634653720066e-14,0.00012333550458855098,0.06436589443515643,0.15,0.048,True,False,False,False,False
2025-07-18 13:00:00,0.022138768819822317,-4.6157522248790883e-14,0.00012357677384615385,0.0635449008836876,0.15,0.12214653015370501,True,False,False,False,False
2025-07-19 06:00:00,0.005419717563503351,-3.631470124609848e-14,0.00011657450473166369,0.10492297587771673,0.15,0.048,True,False,False,False,False
2025-07-19 07:00:00,0.022507381648583343,-4.364911210252842e-14,0.00011920272007155635,0.09638464294244088,0.15,0.048,True,False,False,False,False
2025-07-19 08:00:00,0.03842374427183795,2.129199594413933e-14,0.0001209491354159213,0.09310066873656557,0.15,0.048,True,False,False,False,False
2025-07-19 09:00:00,0.05452550266366989,-1.7350704206720025e-14,0.00012191921793828265,0.0875179125865775,0.15,0.048,True,False,False,False,False
2025-07-19 10:00:00,0.06330064374334161,-3.631470124609848e-14,0.0001228549822316637,0.08324874611893958,0.15,0.048,True,False,False,False,False
2025-07-19 11:00:00,0.032522490106604705,4.436728762158282e-14,0.00012351789349284437,0.08226355385717697,0.15,0.08298137250510017,True,False,False,False,False
2025-07-20 06:00:00,0.00415625541431681,-3.291811268013589e-14,0.00011668888603756709,0.1095205397659422,0.15,0.048,True,False,False,False,False
2025-07-20 07:00:00,0.021706251223929503,-2.2190582704695316e-14,0.00011948722700357782,0.10147480296154764,0.15,0.048,True,False,False,False,False
2025-07-20 08:00:00,0.03757943691199931,4.812122922359663e-14,0.00012156089033094812,0.09720563649390972,0.15,0.048,True,False,False,False,False
2025-07-20 09:00:00,0.07441543820192623,3.327893516313907e-14,0.00012243057699463328,0.09162288034392166,0.15,0.048,True,False,False,False,False
2025-07-20 10:00:00,0.0868207297749143,1.7708057242771247e-14,0.0001231870225939177,0.0870253164556962,0.15,0.048,True,False,False,False,False
2025-07-20 11:00:00,0.08910124833469796,-5.009881398621019e-15,0.000123610895049195,0.08587592548363983,0.15,0.048,True,False,False,False,False
2025-07-20 12:00:00,0.07207418149473847,-4.6330994596388564e-14,0.00012347796733005366,0.08045736804394556,0.15,0.07017105390823453,True,False,False,False,False
2025-07-21 07:00:00,0.01900664128052432,5.901529265273098e-15,0.00011951179503130591,0.08472653451158348,0.15,0.048,True,False,False,False,False
2025-07-21 08:00:00,0.0307160000345349,-3.631470124609848e-14,0.00012140892223166369,0.08209935514688321,0.15,0.048,True,False,False,False,False
2025-07-21 09:00:00,0.01945908854111944,4.615405280183893e-14,0.00012242506115384615,0.07700919512777644,0.2664915977025288,0.048,True,False,False,False,False
2025-07-21 12:00:00,0.06011422411993568,6.966649479522857e-15,0.00012377489412790697,0.06699307379985671,0.85,0.05423702117606975,True,False,False,False,False
2025-07-22 07:00:00,0.008165005834522438,-3.256075964408467e-14,0.00012003676156976744,0.06962025316455697,0.15,0.048,True,False,False,False,False
2025-07-22 08:00:00,0.014234252543617834,1.288205653260377e-14,0.0001230209766592129,0.06814246477191307,0.15,0.048,True,False,False,False,False
2025-07-22 12:00:00,0.030996636930895438,-4.9019815984152615e-14,0.000126166987088551,0.05500656794841176,0.85,0.048,True,False,False,False,False
2025-07-22 13:00:00,0.05870192597304081,-1.7888468484272835e-14,0.00012592641088998211,0.054185574396942916,0.85,0.048,True,False,False,False,False
2025-07-22 14:00:00,0.050100578920213946,1.484923295436147e-14,0.00012567897833631485,0.051722593742536425,0.85,0.06780696378200834,True,False,False,False,False
2025-07-22 16:00:00,0.035602090947342076,9.117706589734098e-15,0.00013186433732110912,0.05517076665870552,0.8038298494289703,0.13852068014941438,True,False,False,False,False
2025-07-23 06:00:00,0.020631198222087543,2.3613055954996298e-14,0.00011576512512522362,0.09063768808215907,0.15,0.048,True,False,False,False,False
2025-07-23 07:00:00,0.04039353573716385,-4.45407599691805e-14,0.00011976394499105546,0.08308454740864582,0.15,0.048,True,False,False,False,False
2025-07-23 08:00:00,0.059099711516788785,2.7908231281514873e-14,0.0001235359415116279,0.08062156675423932,0.15,0.048,True,False,False,False,False
2025-07-23 09:00:00,0.07618629430214766,5.377642775528102e-16,0.00012606009704830054,0.07553140673513255,0.15,0.048,True,False,False,False,False
2025-07-23 11:00:00,0.05265715662058178,-5.186823193170653e-15,0.00012887714603309483,0.07126224026749463,0.85,0.048,True,False,False,False,False
2025-07-23 12:00:00,0.09780619964005507,2.4868995751603507e-14,0.00012908826323792486,0.06567948411750656,0.85,0.048,True,False,False,False,False
2025-07-23 13:00:00,0.09655637389079673,-1.96787031114809e-14,0.00012931876572898032,0.06453009314545019,0.85,0.048,True,False,False,False,False
2025-07-23 14:00:00,0.08941904209642429,2.1822821327788233e-14,0.00012952574996422182,0.062231311201337486,0.85,0.048,True,False,False,False,False
2025-07-23 15:00:00,0.053307822724192246,-1.5210055437364645e-14,0.0001316642711314848,0.0635449008836876,0.85,0.07131333972533971,True,False,False,False,False
2025-07-24 06:00:00,0.003861074224639695,-4.5439346729736485e-14,0.00011691734241055457,0.09605624552185335,0.15,0.048,True,False,False,False,False
2025-07-24 07:00:00,0.020581254333820655,-1.1088352458443751e-14,0.00011982717600178891,0.08817470742775257,0.15,0.048,True,False,False,False,False
2025-07-24 08:00:00,0.03550064889133892,-3.5599995173996035e-14,0.0001219166782960644,0.08521913064246478,0.15,0.048,True,False,False,False,False
2025-07-24 09:00:00,0.051126524211891226,1.0023232244193991e-14,0.00012293942740161003,0.07996477191306424,0.15,0.048,True,False,False,False,False
2025-07-24 10:00:00,0.06428228432983854,-1.8606644003327233e-14,0.0001238410898255814,0.07618820157630762,0.15,0.048,True,False,False,False,False
2025-07-24 11:00:00,0.06788309377442739,4.6157522248790883e-14,0.00012442288115384616,0.07520300931454502,0.15,0.048,True,False,False,False,False
2025-07-24 12:00:00,0.07122376339395622,5.904998712225051e-15,0.0001242581850313059,0.06978445187485073,0.15,0.048,True,False,False,False,False
2025-07-24 13:00:00,0.014636215031075529,-2.8629876247521224e-14,0.00012431219242397138,0.06830666348220683,0.38964760618985766,0.05899806588965702,True,False,False,False,False
2025-07-25 06:00:00,0.00031623976730911843,-3.005581894477416e-14,0.00011699788779516994,0.10278839264389777,0.15,0.048,True,False,False,False,False
2025-07-25 07:00:00,0.01717247523576854,-2.4511642715552284e-14,0.0001198684172942755,0.09507105326009077,0.15,0.048,True,False,False,False,False
2025-07-25 08:00:00,0.03504700414960084,-4.507852424673331e-14,0.00012192099294275493,0.09129448292333411,0.15,0.048,True,False,False,False,False
2025-07-25 09:00:00,0.07146815938997796,-3.9343528435153985e-15,0.00012281459914579608,0.08587592548363983,0.15,0.048,True,False,False,False,False
2025-07-25 10:00:00,0.07991034625263162,4.240011119982512e-14,0.00012350937931574242,0.08177095772629568,0.15,0.048,True,False,False,False,False
2025-07-25 11:00:00,0.08825900309537008,-3.58046925441613e-15,0.00012390222217799644,0.08045736804394556,0.15,0.048,True,False,False,False,False
2025-07-25 12:00:00,0.06234360042654092,-1.6094764410112816e-14,0.0001236437635509839,0.07536720802483879,0.15,0.07386150242258513,True,False,False,False,False
2025-07-25 13:00:00,0.046400834039641736,4.561975797123807e-14,0.00012363393660554562,0.07356102221160735,0.3895533009669058,0.07386150242258513,True,False,False,False,False
2025-07-26 07:00:00,0.016335001506187188,-4.739958425759028e-14,0.00011962720323345261,0.10869954621447336,0.15,0.048,True,False,False,False,False
2025-07-26 08:00:00,0.03231825031376642,-2.0032586700580168e-14,0.00012152768769677996,0.10344518748507284,0.15,0.048,True,False,False,False,False
2025-07-26 09:00:00,0.04957196585783489,4.11823353196894e-15,0.00012301601987030412,0.09769823262479102,0.15,0.048,True,False,False,False,False
2025-07-26 10:00:00,0.08173174041233257,4.0429465331115466e-14,0.00012393572263864043,0.09277227131597801,0.15,0.048,True,False,False,False,False
2025-07-26 11:00:00,0.09162019690432584,-3.2019525919579905e-14,0.00012452236611806798,0.09129448292333411,0.15,0.048,True,False,False,False,False
2025-07-26 12:00:00,0.05109177262242418,-4.4901582452183675e-14,0.0001241729669588551,0.08636852161452115,0.15,0.08605470592296187,True,False,False,False,False
2025-07-27 07:00:00,0.016759553772036043,2.5760643618255585e-14,0.00011956102081842576,0.1119835204203487,0.15,0.048,True,False,False,False,False
2025-07-27 08:00:00,0.032461706711475656,-6.085409953726639e-15,0.00012149543595259392,0.10574396942918556,0.15,0.048,True,False,False,False,False
2025-07-27 09:00:00,0.04714361155407757,3.560346462094799e-14,0.00012249356670393562,0.10016121327919753,0.15,0.048,True,False,False,False,False
2025-07-27 10:00:00,0.04768834945257699,3.362934930528638e-14,0.00012321625002683365,0.09507105326009077,0.15,0.059246247934290966,True,False,False,False,False
2025-07-28 06:00:00,0.0007145673072221938,-2.501471252358556e-15,0.0001170763312745975,0.10837114879388583,0.15,0.048,True,False,False,False,False
2025-07-28 07:00:00,0.017595118386977575,4.185193858141645e-14,0.00012022101476744185,0.10016121327919753,0.15,0.048,True,False,False,False,False
2025-07-28 08:00:00,0.03421919405020816,-2.218364381079141e-14,0.0001221551120035778,0.09622044423214712,0.15,0.048,True,False,False,False,False
2025-07-28 09:00:00,0.048476130748486605,2.1288526497187377e-14,0.0001230733454159213,0.09047348937186529,0.15,0.048,True,False,False,False,False
2025-07-28 10:00:00,0.06215077662081816,4.560934963038221e-14,0.0001236651216055456,0.08604012419393359,0.15,0.048,True,False,False,False,False
2025-07-28 11:00:00,0.016825291514755324,2.504593754615314e-14,0.00012398824975402506,0.08489073322187723,0.15,0.10047954919877385,True,False,False,False,False
2025-07-29 07:00:00,0.014563594971382307,-2.5049406993105094e-15,0.0001203331012745975,0.10508717458801052,0.15,0.048,True,False,False,False,False
2025-07-29 08:00:00,0.028457378821300845,-1.0200174038743626e-14,0.0001236141135822898,0.09999701456890377,0.15,0.048,True,False,False,False,False
2025-07-29 09:00:00,0.04526652841637276,1.2878587085651816e-14,0.00012537288665921288,0.0944142584189157,0.15,0.048,True,False,False,False,False
2025-07-29 10:00:00,0.05571200950024084,-5.717648576819556e-15,0.00012644513148479428,0.08981669453069024,0.15,0.048,True,False,False,False,False
2025-07-29 11:00:00,0.0010012552189109256,4.291705879566621e-15,0.0001270615438864043,0.08817470742775257,0.49615906962481116,0.048,True,False,False,False,False
2025-07-29 13:00:00,0.08062254719309488,-2.0393409183583344e-14,0.0001274503371645796,0.08111416288512062,0.85,0.05762107956596951,True,False,False,False,False
2025-07-29 14:00:00,0.005449597248386899,-4.006864284811229e-14,0.00012703131789355994,0.08029316933365178,0.85,0.13351574341004951,True,False,True,False,False
2025-07-30 06:00:00,0.01263088302732568,-1.2878587085651816e-14,0.00011651450834078712,0.11461069978504897,0.15,0.048,True,False,False,False,False
2025-07-30 07:00:00,0.03346468693620153,2.3082230571347395e-14,0.00012076454557692309,0.10722175782182948,0.15,0.048,True,False,False,False,False
2025-07-30 08:00:00,0.05295696563986232,-1.6812939929167214e-14,0.0001245738999865832,0.1016390016718414,0.15,0.048,True,False,False,False,False
2025-07-30 09:00:00,0.0648809963628597,-4.096376016171632e-14,0.00012726138781305905,0.09605624552185335,0.15,0.048,True,False,False,False,False
2025-07-30 10:00:00,0.029011721874657875,2.7190055762460474e-14,0.0001286882629472272,0.09129448292333411,0.4006556238701162,0.048,True,False,False,False,False
2025-07-30 12:00:00,0.08870905101267722,1.8599705109423326e-14,0.0001296812801744186,0.08521913064246478,0.85,0.048,True,False,False,False,False
2025-07-30 13:00:00,0.09119670396337329,-1.2156942119645464e-14,0.00012959617190518784,0.08259195127776452,0.85,0.048,True,False,False,False,False
2025-07-30 14:00:00,0.015186928847416032,4.0609876572617054e-14,0.0001294785391547406,0.08209935514688321,0.85,0.11625063182254526,True,False,False,False,False
2025-07-30 16:00:00,0.05434283092194336,4.84751128126959e-14,0.0001374567683631485,0.08833890613804635,0.85,0.18712707538011786,True,False,False,False,False
2025-07-31 09:00:00,0.04259255722459066,-8.590350653037149e-15,0.00012294502972719142,0.10590816813947931,0.15,0.048,True,False,False,False,False
2025-07-31 10:00:00,0.05244792782344881,-1.84297022087776e-14,0.00012398172384168158,0.10032541198949128,0.15,0.05374196659902063,True,False,False,False,False
2025-08-01 07:00:00,0.012377579980896277,1.913053049307223e-14,0.00012024715472271914,0.12183544303797468,0.15,0.048,True,False,False,False,False
2025-08-01 08:00:00,0.029013329273175265,2.6652291484907664e-14,0.00012170530089892665,0.11395390494387389,0.15,0.048,True,False,False,False,False
2025-08-01 09:00:00,0.04584065439421719,4.561628852428612e-14,0.0001226210841055456,0.10820695008359207,0.15,0.048,True,False,False,False,False
2025-08-01 10:00:00,0.016900270991599353,4.9547171920849564e-14,0.00012359758745974955,0.10262419393360402,0.15,0.08875232501031959,True,False,False,False,False
2025-08-02 07:00:00,0.009661112138951041,1.6812939929167214e-14,0.00012046549001341683,0.10459457845712922,0.15,0.048,True,False,False,False,False
2025-08-02 08:00:00,0.02060300975024585,4.829470157119431e-15,0.00012182312093470484,0.09999701456890377,0.15,0.048,True,False,False,False,False
2025-08-02 09:00:00,0.035036924627257576,-1.2167350460501325e-14,0.00012241858940518783,0.09425005970862192,0.15,0.048,True,False,False,False,False
2025-08-02 10:00:00,0.04460400795649566,3.5599995173996035e-14,0.0001231691592039356,0.08965249582039646,0.15,0.048,True,False,False,False,False
2025-08-02 11:00:00,0.05428705642174566,-2.701311396791084e-14,0.000123676603568873,0.08817470742775257,0.15,0.048,True,False,False,False,False
2025-08-02 12:00:00,0.024850042123429325,3.166911177743259e-14,0.00012375281334973167,0.08292034869835205,0.15,0.07271791873424552,True,False,False,False,False
2025-08-03 06:00:00,0.01639682361268527,-4.561628852428612e-14,0.00011812442839445439,0.08784631000716503,0.15,0.048,True,False,False,False,False
2025-08-03 07:00:00,0.017937280222006035,3.309852392163748e-14,0.00012047494297853311,0.07980057320277048,0.15,0.048,True,False,False,False,False
2025-08-03 08:00:00,0.030169715710033927,2.5944524306709127e-14,0.00012196033983452595,0.07799438738953904,0.15,0.048,True,False,False,False,False
2025-08-03 09:00:00,0.04310297891624163,4.829470157119431e-15,0.00012285379343470484,0.07306842608072606,0.15,0.048,True,False,False,False,False
2025-08-03 10:00:00,0.07781464096600585,1.0918349557798024e-14,0.00012380842248211092,0.0694560544542632,0.15,0.048,True,False,False,False,False
2025-08-03 11:00:00,0.08742132725916045,-4.167846623381877e-14,0.00012454551924865833,0.06912765703367565,0.15,0.048,True,False,False,False,False
2025-08-03 12:00:00,0.09528082669145661,2.508410146262463e-15,0.0001246656162254025,0.06288810604251253,0.15,0.048,True,False,False,False,False
2025-08-03 13:00:00,0.09259326092363065,-1.2559397966072083e-15,0.00012521558188729876,0.0620671124910437,0.15,0.048,True,False,False,False,False
2025-08-03 14:00:00,0.04530763915750402,1.5740880821013548e-14,0.00012559023091681575,0.05927573441604967,0.3706341209814796,0.048,True,False,False,False,False
2025-08-04 07:00:00,0.016192007958058346,-1.235470059590682e-14,0.00012092107788908765,0.055663362789586814,0.15,0.0590138497196281,True,False,False,False,False
2025-08-04 08:00:00,0.029370307617202194,8.232997616985926e-15,0.00012253909224060823,0.054678170527824206,0.15,0.0590138497196281,True,False,False,False,False
2025-08-04 09:00:00,0.03827140447414622,7.147060721024445e-15,0.00012334306064400716,0.050901600191067584,0.15,0.0590138497196281,True,False,False,False,False
2025-08-04 10:00:00,0.05262147020226526,-3.039235529911366e-15,0.00012427594422629698,0.04860281824695486,0.15,0.0590138497196281,True,False,False,False,False
2025-08-04 11:00:00,0.04315680525767911,2.898375983662049e-14,0.000124901228108229,0.04827442082636733,0.15,0.1028573540469861,True,False,False,False,False
2025-08-04 12:00:00,0.08679682848048662,-3.469446951953614e-18,0.00012498331000000001,0.0440052543587294,0.15,0.1028573540469861,True,False,False,False,False
2025-08-04 13:00:00,0.011327196819682575,-2.808864252301646e-14,0.00012529039197227193,0.04334845951755434,0.15,0.1787520178910661,True,False,True,False,False
2025-08-05 06:00:00,0.005067372449557773,-4.972758316235115e-14,0.00011696439102415027,0.06387329830427513,0.15,0.048,True,False,False,False,False
2025-08-05 07:00:00,0.021324830460509304,-1.8599705109423326e-14,0.0001213943048255814,0.057962144733699546,0.15,0.048,True,False,False,False,False
2025-08-05 08:00:00,0.03464654556326796,-4.4901582452183675e-14,0.0001247309969588551,0.05681275376164319,0.15,0.048,True,False,False,False,False
2025-08-05 09:00:00,0.047838313620591995,-1.823888262642015e-14,0.00012632073535778177,0.05303618342488656,0.15,0.048,True,False,False,False,False
2025-08-05 11:00:00,0.030705458763122095,-9.298117831235686e-15,0.0001271250061627907,0.05008060663959876,0.15,0.13673331762710533,True,False,False,False,False
2025-08-06 06:00:00,0.0055657329636652686,-1.8426232761825645e-14,0.00011637745134168159,0.058783138285168374,0.15,0.048,True,False,False,False,False
2025-08-06 07:00:00,0.022235537851727383,3.22068760549854e-14,0.00012079774289803221,0.05336458084547409,0.15,0.048,True,False,False,False,False
2025-08-06 08:00:00,0.03508366782933122,4.829817101814626e-14,0.0001247006468470483,0.05237938858371149,0.15,0.048,True,False,False,False,False
2025-08-06 09:00:00,0.05004677766063892,1.6816409376119168e-14,0.00012726126251341683,0.0489312156675424,0.15,0.048,True,False,False,False,False
2025-08-06 10:00:00,0.08717503451112296,1.1986939218999737e-14,0.000128946599078712,0.04663243372342966,0.15,0.048,True,False,False,False,False
2025-08-06 11:00:00,0.09577302447278258,-3.040970253387343e-14,0.0001300402872629696,0.046304036302842126,0.15,0.048,True,False,False,False,False
2025-08-06 12:00:00,0.09923598019756623,-2.7911700728466826e-14,0.0001308898034883721,0.04219906854549797,0.15,0.048,True,False,False,False,False
2025-08-06 13:00:00,0.09681814660348545,2.4868995751603507e-14,0.00013081540073792489,0.04154227370432291,0.15,0.048,True,False,False,False,False
2025-08-06 14:00:00,0.0021528100362292763,3.452793606584237e-14,0.00013112233010733454,0.039736087891091475,0.2084432556495712,0.12203414356981711,True,False,False,False,False
2025-08-07 05:00:00,0.0011631624197860383,4.561975797123807e-14,0.00011589238410554562,0.06091772151898734,0.15,0.048,True,False,False,False,False
2025-08-07 06:00:00,0.020765315058833344,-1.2490009027033011e-15,0.00011901884188729876,0.057141151182230725,0.15,0.048,True,False,False,False,False
2025-08-07 07:00:00,0.03890771372352565,-3.6311231799146526e-14,0.0001209226672316637,0.051886792452830184,0.15,0.048,True,False,False,False,False
2025-08-07 08:00:00,0.05679120295301623,-1.7177231859122344e-14,0.00012232929695438284,0.050901600191067584,0.15,0.048,True,False,False,False,False
2025-08-07 09:00:00,0.07486374679709892,-4.400646513857964e-14,0.000123765192039356,0.04745342727489849,0.15,0.048,True,False,False,False,False
2025-08-07 10:00:00,0.08449087763942295,4.812122922359663e-14,0.00012530276033094812,0.04515464533078577,0.15,0.048,True,False,False,False,False
2025-08-07 11:00:00,0.09250362154740276,-2.3436114160446664e-14,0.00012671945889087657,0.044990446620492,0.15,0.048,True,False,False,False,False
2025-08-07 12:00:00,0.09033955034040468,-1.2878587085651816e-14,0.00012684854084078713,0.04088547886314784,0.15,0.048,True,False,False,False,False
2025-08-07 13:00:00,0.08965703535680085,2.3793467196497886e-14,0.0001270704841413238,0.04039288273226654,0.15,0.048,True,False,False,False,False
2025-08-07 14:00:00,0.08790227573595373,-3.416711358283919e-14,0.00012802821542486583,0.038586696919035116,0.15,0.048,True,False,False,False,False
2025-08-07 15:00:00,0.05451008395496639,1.6639467581569534e-14,0.00013265976099731665,0.039079293049916405,0.2698620208024707,0.048,True,False,False,False,False
2025-08-07 17:00:00,0.04300314088539657,4.043987367197133e-14,0.00014384396263864046,0.0444978504896107,0.5986900427210998,0.048,True,False,False,False,False
2025-08-07 18:00:00,0.031980902100109995,-8.76382300063483e-15,0.00013840803321109123,0.04745342727489849,0.5490707980694332,0.048,True,False,False,False,False
2025-08-08 06:00:00,0.019243625462973535,3.434752482434078e-14,0.00011913576859123435,0.0660078815380941,0.15,0.048,True,False,False,False,False
2025-08-08 07:00:00,0.03808107998517469,-3.434752482434078e-14,0.00012091674390876566,0.059768330546930974,0.15,0.048,True,False,False,False,False
2025-08-08 08:00:00,0.05688902438542007,2.612146610125876e-14,0.0001221751413506261,0.058618939574874615,0.15,0.048,True,False,False,False,False
2025-08-08 09:00:00,0.0731776788369722,1.842276331487369e-14,0.00012323211865831844,0.054678170527824206,0.15,0.048,True,False,False,False,False
2025-08-08 10:00:00,0.08449263994089104,-3.6137759451548845e-14,0.00012437633624776386,0.05221518987341773,0.15,0.048,True,False,False,False,False
2025-08-08 11:00:00,0.08800545611130565,1.3409412469300719e-14,0.0001251531862075134,0.051886792452830184,0.15,0.048,True,False,False,False,False
2025-08-08 12:00:00,0.09223784140325372,1.4307999229856705e-14,0.00012528479628801432,0.04728922856460473,0.15,0.048,True,False,False,False,False
2025-08-08 13:00:00,0.06007291356173926,-2.7547408798511697e-14,0.00012562451402057246,0.04663243372342966,0.30556306690026375,0.048,True,False,False,False,False
2025-08-08 15:00:00,0.06644287795208033,3.882311139236094e-14,0.00013072506899373883,0.04515464533078577,0.7336741627326556,0.048,True,False,False,False,False
2025-08-08 16:00:00,0.05164261008246644,3.1488700535931e-14,0.0001397634518336315,0.04745342727489849,0.7322068144071903,0.048,True,False,False,False,False
2025-08-08 17:00:00,0.045693131416595,2.48620568576996e-14,0.00014145938573792487,0.05122999761165513,0.6784668930113351,0.048,True,False,False,False,False
2025-08-08 18:00:00,0.029949984092085002,4.132805209167145e-14,0.00013709367021914133,0.054842369238117986,0.6211483579619452,0.048,True,False,False,False,False
2025-08-08 19:00:00,0.01154117498408,-7.077671781985373e-16,0.0001335668064355993,0.05779794602340579,0.5609285653037764,0.048,True,False,False,False,False
2025-08-09 06:00:00,0.017062353646627386,5.7245874707234634e-15,0.00011918182351520573,0.07520300931454502,0.15,0.048,True,False,False,False,False
2025-08-09 07:00:00,0.03774553789528431,3.86392307039074e-14,0.00012097087497763864,0.06814246477191307,0.15,0.048,True,False,False,False,False
2025-08-09 08:00:00,0.055964390364559496,1.0200174038743626e-14,0.0001221323014177102,0.06682887508956294,0.15,0.048,True,False,False,False,False
2025-08-09 09:00:00,0.06968989350364103,1.4307999229856705e-14,0.00012286886628801432,0.06239550991163125,0.15,0.048,True,False,False,False,False
2025-08-09 10:00:00,0.0847770057240845,4.901287709024871e-14,0.00012386093041144903,0.059604131836637216,0.15,0.048,True,False,False,False,False
2025-08-09 11:00:00,0.09234819570883065,-3.631470124609848e-14,0.0001247764897316637,0.05911153570575591,0.15,0.048,True,False,False,False,False
2025-08-09 12:00:00,0.09559828020394795,-3.362934930528638e-14,0.00012477581497316638,0.053857176976355385,0.15,0.048,True,False,False,False,False
2025-08-09 13:00:00,0.09325588065306718,-4.0956821267812415e-14,0.00012513742531305904,0.05320038213518032,0.15,0.048,True,False,False,False,False
2025-08-09 14:00:00,0.04775689429741703,2.057035097813298e-14,0.00012626142435152057,0.05057320277048006,0.21233358923897963,0.07491164667139266,True,False,False,False,False
2025-08-10 06:00:00,0.016852351479704878,1.556046957951196e-14,0.00011927240940071556,0.07011284929543825,0.15,0.048,True,False,False,False,False
2025-08-10 07:00:00,0.01614512051628258,-3.327199626923516e-14,0.00012068598550536673,0.06370909959398137,0.15,0.048,True,False,False,False,False
2025-08-10 08:00:00,0.028397935524226044,1.3603701498610121e-14,0.00012164179272361361,0.06239550991163125,0.15,0.048,True,False,False,False,False
2025-08-10 09:00:00,0.06900742839489468,2.397040899104752e-14,0.00012215510565742398,0.05829054215428708,0.15,0.048,True,False,False,False,False
2025-08-10 10:00:00,0.08498191066301815,-2.5760643618255585e-14,0.00012292722168157424,0.05549916407929305,0.15,0.048,True,False,False,False,False
2025-08-10 11:00:00,0.09231579225797776,8.944234242136417e-15,0.00012380807580500896,0.05517076665870552,0.15,0.048,True,False,False,False,False
2025-08-10 12:00:00,0.049307592176273424,2.075423166658652e-14,0.00012382335586762076,0.05024480534989252,0.15,0.09431446990060319,True,False,False,False,False
2025-08-10 13:00:00,0.016634645857504696,-5.551115123125783e-15,0.00012418476800089446,0.04958801050871746,0.15,0.1702091337446832,True,False,True,False,False
2025-08-11 07:00:00,0.018075622172684117,-1.091488011084607e-14,0.00012095129251788909,0.05927573441604967,0.15,0.048,True,False,False,False,False
2025-08-11 08:00:00,0.035628907303289305,-2.593758541280522e-14,0.00012200283766547407,0.057962144733699546,0.15,0.048,True,False,False,False,False
2025-08-11 09:00:00,0.05146636368724181,8.222589276130066e-15,0.00012253282224060824,0.05434977310723669,0.15,0.048,True,False,False,False,False
2025-08-11 10:00:00,0.06212765256718046,4.45407599691805e-14,0.00012345434000894456,0.051722593742536425,0.15,0.048,True,False,False,False,False
2025-08-11 11:00:00,0.06216563627690808,2.969846590872294e-14,0.0001244560266726297,0.05122999761165513,0.15,0.05549067762429749,True,False,False,False,False
2025-08-11 12:00:00,0.017058284251922958,2.844599555906768e-14,0.00012477673855992844,0.04663243372342966,0.15,0.1313853414683775,True,False,True,False,False
2025-08-12 07:00:00,0.015346554941298541,-4.1147640850169864e-15,0.00012198146012969588,0.067485669930738,0.15,0.048,True,False,False,False,False
2025-08-12 08:00:00,0.029492875374543728,-3.095093625837819e-14,0.00012576349021466905,0.06617208024838787,0.15,0.048,True,False,False,False,False
2025-08-12 09:00:00,0.041541357000472,-2.1468937738688965e-14,0.00012754785806797853,0.061738715070456175,0.15,0.048,True,False,False,False,False
2025-08-12 10:00:00,0.054158711021945465,3.720981855970251e-14,0.00012832573034883722,0.05894733699546215,0.15,0.048,True,False,False,False,False
2025-08-12 11:00:00,0.06257877866810008,-1.609823385706477e-15,0.0001286302313550984,0.058618939574874615,0.15,0.048,True,False,False,False,False
2025-08-12 12:00:00,0.02156047475735889,-1.0737938316296436e-14,0.00012868522653398926,0.05336458084547409,0.15,0.08859942373525553,True,False,False,False,False
2025-08-13 07:00:00,0.01128754123914642,2.862640680056927e-14,0.00012197864007602863,0.07142643897778839,0.15,0.048,True,False,False,False,False
2025-08-13 08:00:00,0.02420978656957969,3.039235529911366e-15,0.00012626619577370304,0.06994865058514449,0.15,0.048,True,False,False,False,False
2025-08-13 09:00:00,0.06071231476813795,2.5042468099201187e-14,0.00012864034225402505,0.0655152854072128,0.15,0.048,True,False,False,False,False
2025-08-13 10:00:00,0.07602126751872104,-2.3793467196497886e-14,0.0001299799983586762,0.06239550991163125,0.15,0.048,True,False,False,False,False
2025-08-13 11:00:00,0.08364250457287913,4.132805209167145e-14,0.00013072665021914134,0.06190291378074994,0.15,0.04813106642474446,True,False,False,False,False
2025-08-13 14:00:00,0.004630033057118069,4.758693439299577e-14,0.00013000914078264758,0.05320038213518032,0.85,0.16577372920027045,True,False,True,False,False
2025-08-14 07:00:00,0.016872421233573534,-9.481998519689228e-15,0.00012113404964669052,0.05730534989252448,0.15,0.048,True,False,False,False,False
2025-08-14 08:00:00,0.034727288868248926,2.9341112872671715e-14,0.00012174571114042935,0.056155958920468124,0.15,0.048,True,False,False,False,False
2025-08-14 09:00:00,0.049856538854911425,3.774411339030337e-14,0.00012215777989713775,0.05254358729400525,0.15,0.048,True,False,False,False,False
2025-08-14 10:00:00,0.00023181956683284398,-3.989517050051461e-14,0.0001228507669096601,0.05008060663959876,0.15,0.1070698885809345,True,False,False,False,False
2025-08-14 11:00:00,0.06310772414170489,2.4865526304651553e-14,0.00012356233073792486,0.049752209219011224,0.15,0.1070698885809345,True,False,False,False,False
2025-08-15 07:00:00,0.015915866744677192,6.619704784327496e-15,0.00012118973109570663,0.05320038213518032,0.15,0.048,True,False,False,False,False
2025-08-15 08:00:00,0.03383250726662104,2.9878877150224525e-14,0.00012171262568872989,0.05221518987341773,0.15,0.048,True,False,False,False,False
2025-08-15 09:00:00,0.04751820269544026,-1.717376241217039e-14,0.00012199789445438284,0.04860281824695486,0.15,0.048,True,False,False,False,False
2025-08-15 10:00:00,0.057161289944827776,1.9859114352982488e-14,0.00012269201078711985,0.0464682350131359,0.15,0.048,True,False,False,False,False
2025-08-15 11:00:00,0.06003449037695684,7.157469061880306e-15,0.00012357703064400717,0.04613983759254837,0.15,0.05058155645200453,True,False,False,False,False
2025-08-16 07:00:00,0.011756499884046617,1.645211744616404e-14,0.00012134879198121645,0.05122999761165513,0.15,0.048,True,False,False,False,False
2025-08-16 08:00:00,0.031663177979110266,-1.1272233146897292e-14,0.00012188219698568873,0.05008060663959876,0.15,0.048,True,False,False,False,False
2025-08-16 09:00:00,0.04716288753940335,-4.615405280183893e-14,0.00012211421384615386,0.046960831144017195,0.15,0.048,True,False,False,False,False
2025-08-16 10:00:00,0.03364907672337989,1.484923295436147e-14,0.00012266178833631486,0.04466204919990447,0.15,0.07530096715391307,True,False,False,False,False
2025-08-17 07:00:00,0.014853161136550653,5.30825383648903e-16,0.00012108361454830053,0.050409004060186294,0.15,0.048,True,False,False,False,False
2025-08-17 08:00:00,0.031859719632114494,-1.5917822615563182e-14,0.00012174986506708409,0.0494238117984237,0.15,0.048,True,False,False,False,False
2025-08-17 09:00:00,0.046432095529588914,2.7190055762460474e-14,0.0001219631104472272,0.0459756388822546,0.15,0.048,True,False,False,False,False
2025-08-17 10:00:00,0.04451683904833995,-1.77115266897232e-14,0.00012255658740608228,0.04384105564843563,0.15,0.06174916095346797,True,False,False,False,False
2025-08-18 07:00:00,0.010706082597238587,4.758346494604382e-14,0.00012146148078264759,0.05155839503224266,0.15,0.048,True,False,False,False,False
2025-08-18 08:00:00,0.025240211756175843,-3.8458819462405813e-14,0.00012231701153846155,0.05057320277048006,0.15,0.048,True,False,False,False,False
2025-08-18 09:00:00,0.036908275268268544,-3.005581894477416e-14,0.00012272858529516995,0.04712502985431096,0.15,0.048,True,False,False,False,False
2025-08-18 10:00:00,0.0018022326223828692,-3.971475925901302e-14,0.0001234675909257603,0.044990446620492,0.284406603689229,0.05863568769204295,True,False,False,False,False
2025-08-19 06:00:00,0.014057055928219497,2.6298407895808396e-14,0.0001181845878667263,0.05812634344399331,0.15,0.048,True,False,False,False,False
2025-08-19 07:00:00,0.034271674492906606,4.240011119982512e-14,0.0001233640143157424,0.05270778600429902,0.15,0.048,True,False,False,False,False
2025-08-19 08:00:00,0.049823968160055264,2.5760643618255585e-14,0.00012707041831842576,0.05155839503224266,0.15,0.048,True,False,False,False,False
2025-08-19 09:00:00,0.06299536026257989,-2.826211487061414e-14,0.00012865485295617175,0.04827442082636733,0.15,0.048,True,False,False,False,False
2025-08-19 10:00:00,0.07097353238409893,-2.397040899104752e-14,0.00012932571934257602,0.0459756388822546,0.15,0.048,True,False,False,False,False
2025-08-19 11:00:00,0.0005181783109785357,-3.6137759451548845e-14,0.00012917536124776386,0.045647241461667064,0.15,0.12389466384408,True,False,True,False,False
2025-08-19 12:00:00,0.03724086912860642,-4.4363818174630865e-14,0.00012840694650715566,0.04154227370432291,0.15,0.16492678722974746,True,False,False,False,False
2025-08-20 07:00:00,0.011671181021291997,-3.685246552365129e-14,0.00012230652518336317,0.05451397181753045,0.15,0.048,True,False,False,False,False
2025-08-20 08:00:00,0.026358574209517188,1.0557527074794848e-14,0.00012664672694991057,0.05320038213518032,0.15,0.048,True,False,False,False,False
2025-08-20 09:00:00,0.040159819496365066,2.218364381079141e-14,0.00012929692049642219,0.04991640792930499,0.15,0.048,True,False,False,False,False
2025-08-20 10:00:00,0.04717525784324912,-1.0554057627842894e-14,0.00013092226805008945,0.04761762598519227,0.15,0.048,True,False,False,False,False
2025-08-20 11:00:00,0.05351409590588434,-4.758693439299577e-14,0.00013200289171735242,0.04728922856460473,0.15,0.08160356435663282,True,False,False,False,False
2025-08-20 12:00:00,0.01125310137219219,3.416711358283919e-14,0.00013156582457513418,0.043020062096966794,0.15,0.15749822820071283,True,False,True,False,False
2025-08-22 07:00:00,0.00582800842933777,1.557087792036782e-14,0.00012136196940071558,0.05517076665870552,0.15,0.048,True,False,False,False,False
2025-08-22 08:00:00,0.02491077464677661,-8.229528170033973e-15,0.00012194457775939178,0.054185574396942916,0.15,0.048,True,False,False,False,False
2025-08-22 09:00:00,0.009358015145731565,-1.3773704399255848e-14,0.00012218999076028624,0.05057320277048006,0.15,0.07603233480134661,True,False,False,False,False
2025-08-23 07:00:00,0.005164255110446419,-7.337880303381894e-15,0.00012152162283989268,0.05402137568664916,0.15,0.048,True,False,False,False,False
2025-08-23 08:00:00,0.02585831865200181,1.5740880821013548e-14,0.00012210939091681576,0.052871984714592785,0.15,0.048,True,False,False,False,False
2025-08-23 09:00:00,0.010568321455496799,4.847858225964785e-14,0.00012233847836314848,0.0494238117984237,0.15,0.0828165110811758,True,False,False,False,False
2025-08-24 07:00:00,0.009070954619957189,7.87217513398275e-15,0.00012148842920840788,0.05320038213518032,0.15,0.048,True,False,False,False,False
2025-08-24 08:00:00,0.017556275894804883,4.651140583789015e-14,0.00012204352418604652,0.05221518987341773,0.15,0.05783187646569373,True,False,False,False,False
2025-08-25 07:00:00,0.009128130098695189,-3.4704877860392e-14,0.0001220296433765653,0.05664855505134942,0.15,0.048,True,False,False,False,False
2025-08-25 08:00:00,0.027310474621977963,1.037711583329326e-14,0.0001228069579338104,0.05533496536899928,0.15,0.048,True,False,False,False,False
2025-08-25 09:00:00,0.029451162599866545,-2.271099974748836e-14,0.0001232409799552773,0.051886792452830184,0.15,0.06139265428230867,True,False,False,False,False
2025-08-26 07:00:00,0.0057500656335635145,4.651834473179406e-14,0.00012392171918604653,0.05845474086458085,0.15,0.048,True,False,False,False,False
2025-08-26 08:00:00,0.021079956675258388,7.511352650979575e-15,0.00012775559867620753,0.05730534989252448,0.15,0.048,True,False,False,False,False
2025-08-26 09:00:00,0.0011630681338990687,-4.5439346729736485e-14,0.00012945585741055456,0.05336458084547409,0.3322152632057241,0.048,True,False,False,False,False
2025-08-26 12:00:00,0.031219771128275984,-1.520658599041269e-14,0.0001301729186314848,0.04613983759254837,0.85,0.0749592188563859,True,False,False,False,False
2025-08-26 13:00:00,0.007784455294867246,-4.8655524054197485e-14,0.00012950884012075136,0.0454830427513733,0.85,0.1508538827004659,True,False,True,False,False
2025-08-29 07:00:00,0.0031271301784679614,3.774411339030337e-14,0.00012122396239713775,0.07569560544542632,0.15,0.048,True,False,False,False,False
2025-08-29 08:00:00,0.021755581407822962,2.4157759126453016e-14,0.00012151099967352416,0.07421781705278242,0.15,0.048,True,False,False,False,False
2025-08-29 09:00:00,0.000556645361735705,-3.86392307039074e-14,0.00012171553252236137,0.06929185574396943,0.15,0.08575484461154885,True,False,False,False,False
2025-08-30 07:00:00,0.0012006732148524895,8.22605872308202e-15,0.00012138730974060822,0.07372522092190113,0.15,0.048,True,False,False,False,False
2025-08-30 08:00:00,0.007162706578718529,2.1649348980190553e-14,0.00012178439094812165,0.07224743252925722,0.15,0.06031238600546878,True,False,False,False,False
2025-09-18 08:00:00,0.01904356653228541,-2.6818824938601438e-15,0.00012246443475849732,0.09720563649390972,0.15,0.048,True,False,False,False,False
2025-09-18 09:00:00,0.00897617233498056,-6.439293542825908e-15,0.00012282283542039356,0.09162288034392166,0.28763502447245615,0.048,True,False,False,False,False
2025-09-18 12:00:00,0.05438790634652015,1.1449174941446927e-14,0.00012459571703041147,0.08045736804394556,0.85,0.057576988027957965,True,False,False,False,False
2025-09-19 08:00:00,0.013764154933005137,5.186823193170653e-15,0.0001224980789669052,0.1090279436350609,0.15,0.048,True,False,False,False,False
2025-09-19 12:00:00,0.04024106229558132,2.1638940639334692e-14,0.00012441754344812164,0.09260807260568425,0.85,0.048,True,False,False,False,False
2025-09-19 13:00:00,0.050044245445464305,-6.616235337375542e-15,0.0001252612339042934,0.08932409839980893,0.85,0.048,True,False,False,False,False
2025-09-19 14:00:00,0.04508585363132858,-1.5199647096508784e-14,0.0001271629886314848,0.08981669453069024,0.85,0.048,True,False,False,False,False
2025-09-19 15:00:00,0.03220896947920999,1.0373646386341306e-14,0.0001327133929338104,0.09227967518509674,0.85,0.048,True,False,False,False,False
2025-09-19 16:00:00,0.01876539826051018,-4.472117121068209e-14,0.0001429545584749553,0.09687723907332216,0.85,0.048,True,False,False,False,False
2025-09-20 08:00:00,0.012827405699765268,3.7039815659056785e-14,0.00012252996883273704,0.12150704561738716,0.15,0.048,True,False,False,False,False
2025-09-20 09:00:00,0.03149083985340219,4.9009407643296754e-14,0.00012271269541144902,0.1154316933365178,0.15,0.048,True,False,False,False,False
2025-09-20 10:00:00,0.028253251099243586,4.454422941613245e-14,0.00012345978500894454,0.1095205397659422,0.24729030409652245,0.048,True,False,False,False,False
2025-09-20 13:00:00,0.04524870693148171,2.5760643618255585e-14,0.00012494893081842578,0.09983281585860998,0.85,0.06096442803287053,True,False,False,False,False
2025-09-20 14:00:00,0.049073078843352595,-1.5199647096508784e-14,0.0001265060411314848,0.10081800812037259,0.85,0.06096442803287053,True,False,False,False,False
2025-09-20 16:00:00,0.016428757200005053,4.8655524054197485e-14,0.00014122509237924865,0.10886374492476712,0.85,0.09687854848033112,True,False,False,False,False
